user_name,email,account_type,gender,password,joining_date,"(""Jaquelyn Yalçın"", ""jaquelynyaln@gmail.ca"", 'customer' , 'male', ""BXD61MPX6YY"", ""2022-10-26""),"
Jaquelyn Yalçın,jaquelynyaln@gmail.ca,'customer' ,'male',BXD61MPX6YY,10/26/2022,"(""Calvin Nguyễn"", ""calvinnguyn5943@gmail.net"", 'artist' , 'male', ""HWQ54MNM2WD"", ""2021-01-23""),"
Calvin Nguyễn,calvinnguyn5943@gmail.net,'artist' ,'male',HWQ54MNM2WD,1/23/2021,"(""Germane Arıkan"", ""germanearkan@gmail.com"", 'customer' , 'female', ""ENA82TWS6PH"", ""2021-11-20""),"
Germane Arıkan,germanearkan@gmail.com,'customer' ,'female',ENA82TWS6PH,11/20/2021,"(""Macy Nguyễn"", ""macynguyn50@gmail.couk"", 'customer' , 'male', ""TNU14WHE2RO"", ""2021-01-08""),"
Macy Nguyễn,macynguyn50@gmail.couk,'customer' ,'male',TNU14WHE2RO,1/8/2021,"(""Dominique Srivastava"", ""dominiquesrivastava9686@gmail.edu"", 'customer' , 'male', ""CLZ86HCH4HN"", ""2021-05-19""),"
Dominique Srivastava,dominiquesrivastava9686@gmail.edu,'customer' ,'male',CLZ86HCH4HN,5/19/2021,"(""Steel Abagun"", ""steelabagun8811@gmail.edu"", 'customer' , 'female', ""RRJ82NEK1XX"", ""2020-12-14""),"
Steel Abagun,steelabagun8811@gmail.edu,'customer' ,'female',RRJ82NEK1XX,12/14/2020,"(""Cailin Vega"", ""cailinvega2140@gmail.edu"", 'customer' , 'female', ""JUW23XFS1JE"", ""2021-08-18""),"
Cailin Vega,cailinvega2140@gmail.edu,'customer' ,'female',JUW23XFS1JE,8/18/2021,"(""Gwendolyn Akdağ"", ""gwendolynakda6348@gmail.com"", 'customer' , 'female', ""ZWG13UUZ9BL"", ""2021-09-26""),"
Gwendolyn Akdağ,gwendolynakda6348@gmail.com,'customer' ,'female',ZWG13UUZ9BL,9/26/2021,"(""Lareina Maria"", ""lareinamaria9743@gmail.org"", 'customer' , 'male', ""FYF45THE7UV"", ""2022-05-11""),"
Lareina Maria,lareinamaria9743@gmail.org,'customer' ,'male',FYF45THE7UV,5/11/2022,"(""Iliana Nguyễn"", ""iliananguyn@gmail.com"", 'artist' , 'female', ""HPY66NKI1FM"", ""2021-02-13""),"
Iliana Nguyễn,iliananguyn@gmail.com,'artist' ,'female',HPY66NKI1FM,2/13/2021,"(""Paloma Özen"", ""palomazen4568@gmail.com"", 'customer' , 'male', ""ZMU54ODF7KR"", ""2021-07-30""),"
Paloma Özen,palomazen4568@gmail.com,'customer' ,'male',ZMU54ODF7KR,7/30/2021,"(""Tyrone Thompson"", ""tyronethompson@gmail.couk"", 'customer' , 'female', ""TLM83SAD9KG"", ""2022-06-11""),"
Tyrone Thompson,tyronethompson@gmail.couk,'customer' ,'female',TLM83SAD9KG,6/11/2022,"(""Plato Gabriela"", ""platogabriela901@gmail.edu"", 'customer' , 'female', ""WFJ74VNY2TO"", ""2022-10-30""),"
Plato Gabriela,platogabriela901@gmail.edu,'customer' ,'female',WFJ74VNY2TO,10/30/2022,"(""Tyrone Nguyễn"", ""tyronenguyn1738@gmail.edu"", 'customer' , 'female', ""MNQ15FTC4JH"", ""2021-10-22""),"
Tyrone Nguyễn,tyronenguyn1738@gmail.edu,'customer' ,'female',MNQ15FTC4JH,10/22/2021,"(""Flynn Ayanbadejo"", ""flynnayanbadejo2515@gmail.org"", 'customer' , 'male', ""CJC59RTD4NY"", ""2021-06-04""),"
Flynn Ayanbadejo,flynnayanbadejo2515@gmail.org,'customer' ,'male',CJC59RTD4NY,6/4/2021,"(""Leah Hoắc"", ""leahhoc3533@gmail.couk"", 'customer' , 'male', ""XOW42XMB2EF"", ""2022-04-07""),"
Leah Hoắc,leahhoc3533@gmail.couk,'customer' ,'male',XOW42XMB2EF,4/7/2022,"(""Uriah Anderson"", ""uriahanderson@gmail.edu"", 'artist' , 'female', ""CDG13TXT2JB"", ""2021-03-17""),"
Uriah Anderson,uriahanderson@gmail.edu,'artist' ,'female',CDG13TXT2JB,3/17/2021,"(""Hammett Gutierrez"", ""hammettgutierrez@gmail.edu"", 'customer' , 'female', ""JTF57RWO8FX"", ""2021-10-02""),"
Hammett Gutierrez,hammettgutierrez@gmail.edu,'customer' ,'female',JTF57RWO8FX,10/2/2021,"(""Colt Nguyễn"", ""coltnguyn@gmail.net"", 'customer' , 'female', ""MGG41NQG3DI"", ""2022-06-29""),"
Colt Nguyễn,coltnguyn@gmail.net,'customer' ,'female',MGG41NQG3DI,6/29/2022,"(""Lyle Adekugbe"", ""lyleadekugbe803@gmail.ca"", 'artist' , 'male', ""LNX62KJO3WG"", ""2021-10-17""),"
Lyle Adekugbe,lyleadekugbe803@gmail.ca,'artist' ,'male',LNX62KJO3WG,10/17/2021,"(""Illana Lee"", ""illanalee7916@gmail.couk"", 'artist' , 'male', ""TCO91BDL5WG"", ""2022-12-01""),"
Illana Lee,illanalee7916@gmail.couk,'artist' ,'male',TCO91BDL5WG,12/1/2022,"(""Edward Uğurlu"", ""edwarduurlu@gmail.edu"", 'artist' , 'female', ""NOB55IJQ8LU"", ""2021-01-31""),"
Edward Uğurlu,edwarduurlu@gmail.edu,'artist' ,'female',NOB55IJQ8LU,1/31/2021,"(""Caesar Akça"", ""caesaraka@gmail.org"", 'artist' , 'male', ""TTU36ZHW6PI"", ""2021-05-31""),"
Caesar Akça,caesaraka@gmail.org,'artist' ,'male',TTU36ZHW6PI,5/31/2021,"(""Erica Sarıkaya"", ""ericasarkaya@gmail.org"", 'customer' , 'female', ""NBI86WUN0JY"", ""2022-01-07""),"
Erica Sarıkaya,ericasarkaya@gmail.org,'customer' ,'female',NBI86WUN0JY,1/7/2022,"(""Benjamin Chakrabarti"", ""benjaminchakrabarti1752@gmail.org"", 'customer' , 'male', ""GTG42ZWK6HL"", ""2021-05-31""),"
Benjamin Chakrabarti,benjaminchakrabarti1752@gmail.org,'customer' ,'male',GTG42ZWK6HL,5/31/2021,"(""Melanie Varol"", ""melanievarol8797@gmail.com"", 'artist' , 'female', ""VMU30REO0UE"", ""2021-09-14""),"
Melanie Varol,melanievarol8797@gmail.com,'artist' ,'female',VMU30REO0UE,9/14/2021,"(""Keegan Kuş"", ""keeganku@gmail.org"", 'artist' , 'male', ""UBQ22YSP6EH"", ""2022-07-22""),"
Keegan Kuş,keeganku@gmail.org,'artist' ,'male',UBQ22YSP6EH,7/22/2022,"(""Whoopi Thiarre"", ""whoopithiarre@gmail.ca"", 'customer' , 'female', ""YCV54VPL9NS"", ""2021-09-21""),"
Whoopi Thiarre,whoopithiarre@gmail.ca,'customer' ,'female',YCV54VPL9NS,9/21/2021,"(""Ariana Abagun"", ""arianaabagun6981@gmail.couk"", 'artist' , 'female', ""WZW21QYB2XV"", ""2021-05-26""),"
Ariana Abagun,arianaabagun6981@gmail.couk,'artist' ,'female',WZW21QYB2XV,5/26/2021,"(""Yen Campbell"", ""yencampbell@gmail.org"", 'artist' , 'male', ""FGR08CKD8SV"", ""2022-02-17""),"
Yen Campbell,yencampbell@gmail.org,'artist' ,'male',FGR08CKD8SV,2/17/2022,"(""Herrod Nguyễn"", ""herrodnguyn4262@gmail.org"", 'artist' , 'male', ""RBJ15LQC8PC"", ""2021-02-09""),"
Herrod Nguyễn,herrodnguyn4262@gmail.org,'artist' ,'male',RBJ15LQC8PC,2/9/2021,"(""Brielle Bao"", ""briellebao@gmail.ca"", 'artist' , 'male', ""JLK66HRB7GE"", ""2022-01-11""),"
Brielle Bao,briellebao@gmail.ca,'artist' ,'male',JLK66HRB7GE,1/11/2022,"(""Emi Jara"", ""emijara@gmail.org"", 'customer' , 'male', ""DJS39FPG9TZ"", ""2022-11-04""),"
Emi Jara,emijara@gmail.org,'customer' ,'male',DJS39FPG9TZ,11/4/2022,"(""Helen Aneke"", ""helenaneke6107@gmail.org"", 'customer' , 'female', ""OIG56NQU9SP"", ""2021-10-24""),"
Helen Aneke,helenaneke6107@gmail.org,'customer' ,'female',OIG56NQU9SP,10/24/2021,"(""Aquila Thiarre"", ""aquilathiarre2501@gmail.net"", 'customer' , 'male', ""FRX22UOT2ZH"", ""2022-08-05""),"
Aquila Thiarre,aquilathiarre2501@gmail.net,'customer' ,'male',FRX22UOT2ZH,8/5/2022,"(""Halee Nunez"", ""haleenunez@gmail.edu"", 'artist' , 'female', ""KVG53KEV3BX"", ""2022-04-15""),"
Halee Nunez,haleenunez@gmail.edu,'artist' ,'female',KVG53KEV3BX,4/15/2022,"(""Buckminster Maria"", ""buckminstermaria8556@gmail.edu"", 'customer' , 'female', ""MNV61UXG6JG"", ""2022-07-01""),"
Buckminster Maria,buckminstermaria8556@gmail.edu,'customer' ,'female',MNV61UXG6JG,7/1/2022,"(""Paloma Neelam"", ""palomaneelam8453@gmail.net"", 'customer' , 'female', ""NHM85FVJ4FL"", ""2022-05-14""),"
Paloma Neelam,palomaneelam8453@gmail.net,'customer' ,'female',NHM85FVJ4FL,5/14/2022,"(""Jack Gwarzo"", ""jackgwarzo@gmail.ca"", 'customer' , 'female', ""XEE45GKP6EO"", ""2021-11-09""),"
Jack Gwarzo,jackgwarzo@gmail.ca,'customer' ,'female',XEE45GKP6EO,11/9/2021,"(""Forrest Ryan"", ""forrestryan9453@gmail.com"", 'customer' , 'male', ""ZSP37NUL2BW"", ""2021-09-05""),"
Forrest Ryan,forrestryan9453@gmail.com,'customer' ,'male',ZSP37NUL2BW,9/5/2021,"(""Liberty Adewusi"", ""libertyadewusi3426@gmail.org"", 'customer' , 'male', ""ORT36DTB5QT"", ""2022-08-12""),"
Liberty Adewusi,libertyadewusi3426@gmail.org,'customer' ,'male',ORT36DTB5QT,8/12/2022,"(""Zenia Abaribe"", ""zeniaabaribe6336@gmail.net"", 'artist' , 'male', ""HHM92PVU0RG"", ""2021-03-31""),"
Zenia Abaribe,zeniaabaribe6336@gmail.net,'artist' ,'male',HHM92PVU0RG,3/31/2021,"(""Shad Ameobi"", ""shadameobi@gmail.ca"", 'customer' , 'female', ""UEK18LOW0XI"", ""2022-07-12""),"
Shad Ameobi,shadameobi@gmail.ca,'customer' ,'female',UEK18LOW0XI,7/12/2022,"(""Blythe Robertson"", ""blytherobertson@gmail.com"", 'artist' , 'female', ""XRD81MRV5MF"", ""2022-02-13""),"
Blythe Robertson,blytherobertson@gmail.com,'artist' ,'female',XRD81MRV5MF,2/13/2022,"(""Aidan Krishnamurthy"", ""(""Jaquelyn Yalçın"", ""jaquelynyaln@gmail.ca"", 'customer' , 'male', ""BXD61MPX6YY"", ""44860"", ""(""Calvin Nguyễn"", ""calvinnguyn5943@gmail.net"", 'artist' , 'male', ""HWQ54MNM2WD"", ""2021-01-23""),""),"", 'artist' , 'male', ""CLB42PIB1EU"", ""2021-04-11""),"
Aidan Krishnamurthy,"(""Jaquelyn Yalçın"", ""jaquelynyaln@gmail.ca"", 'customer' , 'male', ""BXD61MPX6YY"", ""44860"", ""(""Calvin Nguyễn"", ""calvinnguyn5943@gmail.net"", 'artist' , 'male', ""HWQ54MNM2WD"", ""2021-01-23""),""),",'artist' ,'male',CLB42PIB1EU,4/11/2021,"(""Dennis Nguyễn"", ""dennisnguyn@gmail.net"", 'artist' , 'female', ""LXF22GWH1MW"", ""2021-10-27""),"
Dennis Nguyễn,dennisnguyn@gmail.net,'artist' ,'female',LXF22GWH1MW,10/27/2021,"(""Carol Abaribe"", ""carolabaribe@gmail.ca"", 'artist' , 'male', ""CFD89VOC5VB"", ""2021-01-15""),"
Carol Abaribe,carolabaribe@gmail.ca,'artist' ,'male',CFD89VOC5VB,1/15/2021,"(""Angelica Wilson"", ""angelicawilson978@gmail.net"", 'artist' , 'female', ""MKL42CGW7PH"", ""2022-01-18""),"
Angelica Wilson,angelicawilson978@gmail.net,'artist' ,'female',MKL42CGW7PH,1/18/2022,"(""Blossom Castro"", ""blossomcastro@gmail.org"", 'artist' , 'male', ""HBC77JEI5QK"", ""2022-09-19""),"
Blossom Castro,blossomcastro@gmail.org,'artist' ,'male',HBC77JEI5QK,9/19/2022,"(""Vincent Contreras"", ""vincentcontreras@gmail.com"", 'customer' , 'female', ""IWN33QRV8WE"", ""2021-02-11""),"
Vincent Contreras,vincentcontreras@gmail.com,'customer' ,'female',IWN33QRV8WE,2/11/2021,"(""Coby Eroğlu"", ""cobyerolu8020@gmail.ca"", 'customer' , 'female', ""NCF34SYV6YF"", ""2020-12-16""),"
Coby Eroğlu,cobyerolu8020@gmail.ca,'customer' ,'female',NCF34SYV6YF,12/16/2020,"(""Shay Ignacio"", ""shayignacio9685@gmail.net"", 'artist' , 'female', ""BJZ47SVF4WJ"", ""2020-12-13""),"
Shay Ignacio,shayignacio9685@gmail.net,'artist' ,'female',BJZ47SVF4WJ,12/13/2020,"(""Anthony Engineer"", ""anthonyengineer@gmail.net"", 'customer' , 'female', ""DIA33CTU5AD"", ""2022-06-10""),"
Anthony Engineer,anthonyengineer@gmail.net,'customer' ,'female',DIA33CTU5AD,6/10/2022,"(""Burke Ogedegbe"", ""burkeogedegbe1995@gmail.ca"", 'customer' , 'male', ""IGH17PEI8WZ"", ""2022-04-19""),"
Burke Ogedegbe,burkeogedegbe1995@gmail.ca,'customer' ,'male',IGH17PEI8WZ,4/19/2022,"(""Shelley Adewusi"", ""shelleyadewusi@gmail.ca"", 'artist' , 'male', ""NOO07MMM2XD"", ""2020-12-10""),"
Shelley Adewusi,shelleyadewusi@gmail.ca,'artist' ,'male',NOO07MMM2XD,12/10/2020,"(""Meghan Bingöl"", ""meghanbingl@gmail.edu"", 'customer' , 'male', ""MDB42MPX7RD"", ""2022-09-25""),"
Meghan Bingöl,meghanbingl@gmail.edu,'customer' ,'male',MDB42MPX7RD,9/25/2022,"(""Ariel Đồng"", ""arielng542@gmail.edu"", 'artist' , 'female', ""UFQ45VUX2TM"", ""2021-10-21""),"
Ariel Đồng,arielng542@gmail.edu,'artist' ,'female',UFQ45VUX2TM,10/21/2021,"(""Eaton Nguyễn"", ""eatonnguyn8544@gmail.net"", 'artist' , 'female', ""CRN19APD3UX"", ""2021-11-26""),"
Eaton Nguyễn,eatonnguyn8544@gmail.net,'artist' ,'female',CRN19APD3UX,11/26/2021,"(""Vaughan Soni"", ""vaughansoni4094@gmail.org"", 'artist' , 'male', ""CIH38VOV5NJ"", ""2021-09-30""),"
Vaughan Soni,vaughansoni4094@gmail.org,'artist' ,'male',CIH38VOV5NJ,9/30/2021,"(""Emmanuel Campbell"", ""emmanuelcampbell@gmail.net"", 'customer' , 'female', ""LSE24JGQ6WO"", ""2021-11-19""),"
Emmanuel Campbell,emmanuelcampbell@gmail.net,'customer' ,'female',LSE24JGQ6WO,11/19/2021,"(""Marsden Yên"", ""marsdenyn2005@gmail.couk"", 'artist' , 'male', ""HKK38LKI6ZB"", ""2022-06-02""),"
Marsden Yên,marsdenyn2005@gmail.couk,'artist' ,'male',HKK38LKI6ZB,6/2/2022,"(""Chiquita Subram"", ""chiquitasubram@gmail.com"", 'artist' , 'female', ""LER41WFL9PF"", ""2022-04-11""),"
Chiquita Subram,chiquitasubram@gmail.com,'artist' ,'female',LER41WFL9PF,4/11/2022,"(""Rajah Mateo"", ""rajahmateo@gmail.edu"", 'artist' , 'female', ""YJJ78JIE3WY"", ""2021-04-27""),"
Rajah Mateo,rajahmateo@gmail.edu,'artist' ,'female',YJJ78JIE3WY,4/27/2021,"(""Tiger Felipe"", ""tigerfelipe@gmail.edu"", 'artist' , 'female', ""BGT34EBG2IO"", ""2021-02-06""),"
Tiger Felipe,tigerfelipe@gmail.edu,'artist' ,'female',BGT34EBG2IO,2/6/2021,"(""Dexter Buraimoh"", ""dexterburaimoh@gmail.edu"", 'artist' , 'male', ""KCD83VYX5PM"", ""2022-09-16""),"
Dexter Buraimoh,dexterburaimoh@gmail.edu,'artist' ,'male',KCD83VYX5PM,9/16/2022,"(""Oliver Yüksel"", ""oliveryksel@gmail.org"", 'customer' , 'female', ""XNS97OIB4BT"", ""2021-05-09""),"
Oliver Yüksel,oliveryksel@gmail.org,'customer' ,'female',XNS97OIB4BT,5/9/2021,"(""Ivor Bentlee"", ""ivorbentlee@gmail.org"", 'artist' , 'female', ""CFM80YGO3CM"", ""2022-11-11""),"
Ivor Bentlee,ivorbentlee@gmail.org,'artist' ,'female',CFM80YGO3CM,11/11/2022,"(""Ann Buraimoh"", ""annburaimoh@gmail.ca"", 'customer' , 'female', ""SZR58CHY6DW"", ""2021-10-30""),"
Ann Buraimoh,annburaimoh@gmail.ca,'customer' ,'female',SZR58CHY6DW,10/30/2021,"(""Zahir Demirbaş"", ""zahirdemirba3434@gmail.org"", 'customer' , 'female', ""IEU71XUD8FQ"", ""2022-02-09""),"
Zahir Demirbaş,zahirdemirba3434@gmail.org,'customer' ,'female',IEU71XUD8FQ,2/9/2022,"(""Marcia Özçelik"", ""marciazelik@gmail.couk"", 'artist' , 'male', ""UQP12UCE8QS"", ""2022-02-03""),"
Marcia Özçelik,marciazelik@gmail.couk,'artist' ,'male',UQP12UCE8QS,2/3/2022,"(""Amal Laouali"", ""amallaouali5403@gmail.net"", 'artist' , 'female', ""OMD74YGE8ML"", ""2022-06-08""),"
Amal Laouali,amallaouali5403@gmail.net,'artist' ,'female',OMD74YGE8ML,6/8/2022,"(""Jordan Nguyễn"", ""jordannguyn@gmail.ca"", 'artist' , 'female', ""CDA56HQF5CM"", ""2021-01-20""),"
Jordan Nguyễn,jordannguyn@gmail.ca,'artist' ,'female',CDA56HQF5CM,1/20/2021,"(""Jena Rajan"", ""jenarajan3606@gmail.com"", 'artist' , 'male', ""PXW83QQH2ZF"", ""2022-07-20""),"
Jena Rajan,jenarajan3606@gmail.com,'artist' ,'male',PXW83QQH2ZF,7/20/2022,"(""Lars Ataş"", ""larsata@gmail.ca"", 'artist' , 'male', ""MSP63EXS5DY"", ""2022-10-29""),"
Lars Ataş,larsata@gmail.ca,'artist' ,'male',MSP63EXS5DY,10/29/2022,"(""Irma Onoja"", ""irmaonoja328@gmail.net"", 'customer' , 'female', ""GKW70CJS0EF"", ""2020-12-18""),"
Irma Onoja,irmaonoja328@gmail.net,'customer' ,'female',GKW70CJS0EF,12/18/2020,"(""Minerva Güzel"", ""minervagzel@gmail.ca"", 'customer' , 'female', ""KKH80NPA3TR"", ""2022-05-06""),"
Minerva Güzel,minervagzel@gmail.ca,'customer' ,'female',KKH80NPA3TR,5/6/2022,"(""Bevis Ayanbadejo"", ""bevisayanbadejo@gmail.couk"", 'customer' , 'male', ""EZY12XAJ5WN"", ""2022-05-19""),"
Bevis Ayanbadejo,bevisayanbadejo@gmail.couk,'customer' ,'male',EZY12XAJ5WN,5/19/2022,"(""Maxine Luis"", ""maxineluis317@gmail.couk"", 'customer' , 'male', ""PFI72QOW8OS"", ""2022-04-14""),"
Maxine Luis,maxineluis317@gmail.couk,'customer' ,'male',PFI72QOW8OS,4/14/2022,"(""Gareth Harris"", ""garethharris3573@gmail.net"", 'customer' , 'male', ""ZJK78LGY5HZ"", ""2022-07-30""),"
Gareth Harris,garethharris3573@gmail.net,'customer' ,'male',ZJK78LGY5HZ,7/30/2022,"(""Yvonne Catalina"", ""yvonnecatalina@gmail.net"", 'customer' , 'female', ""KFJ73XON7MA"", ""2021-10-21""),"
Yvonne Catalina,yvonnecatalina@gmail.net,'customer' ,'female',KFJ73XON7MA,10/21/2021,"(""Rebekah Kapoor"", ""rebekahkapoor6478@gmail.ca"", 'customer' , 'male', ""BQK23SVW3JO"", ""2021-04-30""),"
Rebekah Kapoor,rebekahkapoor6478@gmail.ca,'customer' ,'male',BQK23SVW3JO,4/30/2021,"(""Hedy Fuwape"", ""hedyfuwape2871@gmail.net"", 'artist' , 'female', ""PQD47PFM6QI"", ""2021-03-06""),"
Hedy Fuwape,hedyfuwape2871@gmail.net,'artist' ,'female',PQD47PFM6QI,3/6/2021,"(""Cameran Chibuzor"", ""cameranchibuzor@gmail.net"", 'customer' , 'male', ""URA61VSH3VG"", ""2020-12-20""),"
Cameran Chibuzor,cameranchibuzor@gmail.net,'customer' ,'male',URA61VSH3VG,12/20/2020,"(""Hedda Pia"", ""heddapia@gmail.org"", 'artist' , 'female', ""MLG49VWT1WI"", ""2021-11-10""),"
Hedda Pia,heddapia@gmail.org,'artist' ,'female',MLG49VWT1WI,11/10/2021,"(""TaShya Laura"", ""tashyalaura4892@gmail.com"", 'artist' , 'male', ""QLW49BET6UF"", ""2021-03-09""),"
TaShya Laura,tashyalaura4892@gmail.com,'artist' ,'male',QLW49BET6UF,3/9/2021,"(""Ori Arun"", ""oriarun@gmail.net"", 'artist' , 'male', ""OCM00RTN3LJ"", ""2021-08-10""),"
Ori Arun,oriarun@gmail.net,'artist' ,'male',OCM00RTN3LJ,8/10/2021,"(""Baxter Đinh"", ""baxterinh4403@gmail.ca"", 'customer' , 'female', ""IWH24RXN7AK"", ""2021-01-19""),"
Baxter Đinh,baxterinh4403@gmail.ca,'customer' ,'female',IWH24RXN7AK,1/19/2021,"(""Cain Jara"", ""cainjara@gmail.edu"", 'artist' , 'female', ""NYI73WDD1BV"", ""2021-04-06""),"
Cain Jara,cainjara@gmail.edu,'artist' ,'female',NYI73WDD1BV,4/6/2021,"(""Burton Nguyễn"", ""burtonnguyn@gmail.couk"", 'artist' , 'female', ""FHQ62VHP9IQ"", ""2021-10-24""),"
Burton Nguyễn,burtonnguyn@gmail.couk,'artist' ,'female',FHQ62VHP9IQ,10/24/2021,"(""Charde Price"", ""chardeprice@gmail.edu"", 'customer' , 'female', ""QDZ08OVN6OA"", ""2021-09-23""),"
Charde Price,chardeprice@gmail.edu,'customer' ,'female',QDZ08OVN6OA,9/23/2021,"(""Mark Shan"", ""markshan7797@gmail.net"", 'customer' , 'female', ""YFD51TPR6PO"", ""2021-01-31""),"
Mark Shan,markshan7797@gmail.net,'customer' ,'female',YFD51TPR6PO,1/31/2021,"(""Randall Ramirez"", ""randallramirez9057@gmail.edu"", 'artist' , 'female', ""SSF46WOQ7CG"", ""2021-05-22""),"
Randall Ramirez,randallramirez9057@gmail.edu,'artist' ,'female',SSF46WOQ7CG,5/22/2021,"(""Yuli Karabulut"", ""yulikarabulut@gmail.com"", 'customer' , 'male', ""UUB46SCU1OR"", ""2022-02-17""),"
Yuli Karabulut,yulikarabulut@gmail.com,'customer' ,'male',UUB46SCU1OR,2/17/2022,"(""Paul Brown"", ""paulbrown@gmail.couk"", 'artist' , 'male', ""MLS63OZZ1VP"", ""2021-12-27""),"
Paul Brown,paulbrown@gmail.couk,'artist' ,'male',MLS63OZZ1VP,12/27/2021,"(""Jacqueline Çakmak"", ""jacquelineakmak9259@gmail.edu"", 'customer' , 'female', ""RLE77OQX7FM"", ""2021-01-21""),"
Jacqueline Çakmak,jacquelineakmak9259@gmail.edu,'customer' ,'female',RLE77OQX7FM,1/21/2021,"(""Russell Güleç"", ""russellgle9400@gmail.org"", 'artist' , 'male', ""EYT36HKH6UX"", ""2021-03-04""),"
Russell Güleç,russellgle9400@gmail.org,'artist' ,'male',EYT36HKH6UX,3/4/2021,"(""Hilel Jai"", ""hileljai8673@gmail.ca"", 'artist' , 'female', ""UWF32PII0IH"", ""2022-05-06""),"
Hilel Jai,hileljai8673@gmail.ca,'artist' ,'female',UWF32PII0IH,5/6/2022,"(""Bianca Stewart"", ""biancastewart6163@gmail.couk"", 'artist' , 'male', ""EVT78QRV8EI"", ""2022-09-04""),"
Bianca Stewart,biancastewart6163@gmail.couk,'artist' ,'male',EVT78QRV8EI,9/4/2022,"(""Tanisha White"", ""tanishawhite9971@gmail.couk"", 'customer' , 'female', ""SNO26CTJ6ND"", ""2022-11-18""),"
Tanisha White,tanishawhite9971@gmail.couk,'customer' ,'female',SNO26CTJ6ND,11/18/2022,"(""Christian Kara"", ""christiankara@gmail.ca"", 'customer' , 'female', ""BAX26FGU2QM"", ""2021-01-21""),"
Christian Kara,christiankara@gmail.ca,'customer' ,'female',BAX26FGU2QM,1/21/2021,"(""Ali Maikori"", ""alimaikori1485@gmail.ca"", 'customer' , 'male', ""QHE47NHP6TG"", ""2021-12-09""),"
Ali Maikori,alimaikori1485@gmail.ca,'customer' ,'male',QHE47NHP6TG,12/9/2021,"(""Omar Nguyễn"", ""omarnguyn7844@gmail.net"", 'customer' , 'female', ""VYP84VLL4FN"", ""2022-02-05""),"
Omar Nguyễn,omarnguyn7844@gmail.net,'customer' ,'female',VYP84VLL4FN,2/5/2022,"(""Rahim Vasquez"", ""rahimvasquez9548@gmail.com"", 'artist' , 'female', ""FVD18OPO1IG"", ""2022-03-31""),"
Rahim Vasquez,rahimvasquez9548@gmail.com,'artist' ,'female',FVD18OPO1IG,3/31/2022,"(""Grace Maria"", ""gracemaria@gmail.org"", 'artist' , 'female', ""MWA54QXT1JW"", ""2022-07-06""),"
Grace Maria,gracemaria@gmail.org,'artist' ,'female',MWA54QXT1JW,7/6/2022,"(""Mia Zuniga"", ""miazuniga3524@gmail.net"", 'artist' , 'male', ""KOW19HKD6FD"", ""2021-12-14""),"
Mia Zuniga,miazuniga3524@gmail.net,'artist' ,'male',KOW19HKD6FD,12/14/2021,"(""Kimberley Smith"", ""kimberleysmith@gmail.net"", 'customer' , 'male', ""PVD81NJC9VR"", ""2022-10-03""),"
Kimberley Smith,kimberleysmith@gmail.net,'customer' ,'male',PVD81NJC9VR,10/3/2022,"(""Keith İnce"", ""keithnce@gmail.org"", 'artist' , 'female', ""FIK28GMR2JT"", ""2022-11-08""),"
Keith İnce,keithnce@gmail.org,'artist' ,'female',FIK28GMR2JT,11/8/2022,"(""Jada Torun"", ""jadatorun@gmail.ca"", 'artist' , 'female', ""HSJ07RSL7YE"", ""2022-01-12""),"
Jada Torun,jadatorun@gmail.ca,'artist' ,'female',HSJ07RSL7YE,1/12/2022,"(""Preston Umelo"", ""prestonumelo2714@gmail.edu"", 'customer' , 'female', ""TOO63HOE6LG"", ""2021-11-08""),"
Preston Umelo,prestonumelo2714@gmail.edu,'customer' ,'female',TOO63HOE6LG,11/8/2021,"(""Rigel Efe"", ""rigelefe@gmail.edu"", 'customer' , 'female', ""HYU18JMG2YJ"", ""2021-04-30""),"
Rigel Efe,rigelefe@gmail.edu,'customer' ,'female',HYU18JMG2YJ,4/30/2021,"(""Nell Sài"", ""nellsi3762@gmail.ca"", 'customer' , 'female', ""RYY42KJG3NP"", ""2022-04-23""),"
Nell Sài,nellsi3762@gmail.ca,'customer' ,'female',RYY42KJG3NP,4/23/2022,"(""Gretchen Nguyễn"", ""gretchennguyn@gmail.net"", 'customer' , 'female', ""GKW38IZP8YT"", ""2021-07-17""),"
Gretchen Nguyễn,gretchennguyn@gmail.net,'customer' ,'female',GKW38IZP8YT,7/17/2021,"(""Rudyard Kumar"", ""rudyardkumar@gmail.com"", 'customer' , 'female', ""RBM88DRR4PK"", ""2022-03-07""),"
Rudyard Kumar,rudyardkumar@gmail.com,'customer' ,'female',RBM88DRR4PK,3/7/2022,"(""Mira Brown"", ""mirabrown@gmail.couk"", 'artist' , 'female', ""TYU62MBF4IB"", ""2022-08-04""),"
Mira Brown,mirabrown@gmail.couk,'artist' ,'female',TYU62MBF4IB,8/4/2022,"(""Lael Sevim"", ""laelsevim@gmail.couk"", 'artist' , 'male', ""WBM11DUR4QJ"", ""2022-08-19""),"
Lael Sevim,laelsevim@gmail.couk,'artist' ,'male',WBM11DUR4QJ,8/19/2022,"(""Forrest Hill"", ""forresthill@gmail.com"", 'artist' , 'male', ""ZUM79MTJ3KV"", ""2021-07-04""),"
Forrest Hill,forresthill@gmail.com,'artist' ,'male',ZUM79MTJ3KV,7/4/2021,"(""Amos Nguyễn"", ""amosnguyn7308@gmail.org"", 'artist' , 'female', ""GKV86PXY4DJ"", ""2022-09-21""),"
Amos Nguyễn,amosnguyn7308@gmail.org,'artist' ,'female',GKV86PXY4DJ,9/21/2022,"(""Owen Aggarwal"", ""owenaggarwal@gmail.net"", 'customer' , 'female', ""VPM41NHO4SR"", ""2022-08-25""),"
Owen Aggarwal,owenaggarwal@gmail.net,'customer' ,'female',VPM41NHO4SR,8/25/2022,"(""Austin Nguyễn"", ""austinnguyn@gmail.ca"", 'customer' , 'female', ""EQO63VYP5SF"", ""2021-01-28""),"
Austin Nguyễn,austinnguyn@gmail.ca,'customer' ,'female',EQO63VYP5SF,1/28/2021,"(""Tiger Rogers"", ""tigerrogers4080@gmail.edu"", 'customer' , 'female', ""UAT34IQF8LU"", ""2021-01-20""),"
Tiger Rogers,tigerrogers4080@gmail.edu,'customer' ,'female',UAT34IQF8LU,1/20/2021,"(""Autumn Butler"", ""autumnbutler9141@gmail.ca"", 'customer' , 'male', ""AQB78JVN8YU"", ""2022-03-21""),"
Autumn Butler,autumnbutler9141@gmail.ca,'customer' ,'male',AQB78JVN8YU,3/21/2022,"(""Mannix Nguyễn"", ""mannixnguyn@gmail.net"", 'customer' , 'male', ""HVT17YRH0MJ"", ""2021-04-11""),"
Mannix Nguyễn,mannixnguyn@gmail.net,'customer' ,'male',HVT17YRH0MJ,4/11/2021,"(""Shoshana Chaudhary"", ""shoshanachaudhary@gmail.edu"", 'artist' , 'female', ""JBR72XWH0QD"", ""2021-06-25""),"
Shoshana Chaudhary,shoshanachaudhary@gmail.edu,'artist' ,'female',JBR72XWH0QD,6/25/2021,"(""Angela Oliha"", ""angelaoliha@gmail.ca"", 'artist' , 'female', ""AOS75HFL3MT"", ""2021-10-12""),"
Angela Oliha,angelaoliha@gmail.ca,'artist' ,'female',AOS75HFL3MT,10/12/2021,"(""Brian Nguyễn"", ""briannguyn@gmail.com"", 'customer' , 'male', ""CLY00DKU3LY"", ""2022-12-03""),"
Brian Nguyễn,briannguyn@gmail.com,'customer' ,'male',CLY00DKU3LY,12/3/2022,"(""Donovan Bhat"", ""donovanbhat512@gmail.org"", 'customer' , 'female', ""NLR65TGC3NJ"", ""2021-03-18""),"
Donovan Bhat,donovanbhat512@gmail.org,'customer' ,'female',NLR65TGC3NJ,3/18/2021,"(""Piper Taylor"", ""pipertaylor@gmail.edu"", 'artist' , 'female', ""EQQ14GZM6EM"", ""2021-11-22""),"
Piper Taylor,pipertaylor@gmail.edu,'artist' ,'female',EQQ14GZM6EM,11/22/2021,"(""Raya Sai"", ""rayasai@gmail.couk"", 'customer' , 'male', ""RBS35PJC1HY"", ""2022-08-10""),"
Raya Sai,rayasai@gmail.couk,'customer' ,'male',RBS35PJC1HY,8/10/2022,"(""Hanna White"", ""hannawhite7554@gmail.couk"", 'artist' , 'male', ""KNJ62DTK3TR"", ""2022-08-21""),"
Hanna White,hannawhite7554@gmail.couk,'artist' ,'male',KNJ62DTK3TR,8/21/2022,"(""Dennis Abadaki"", ""dennisabadaki8728@gmail.ca"", 'customer' , 'male', ""DJC88VEX2DC"", ""2021-09-05""),"
Dennis Abadaki,dennisabadaki8728@gmail.ca,'customer' ,'male',DJC88VEX2DC,9/5/2021,"(""Quynn Kennedy"", ""quynnkennedy3956@gmail.net"", 'artist' , 'female', ""YLN72NCG4TB"", ""2022-09-04""),"
Quynn Kennedy,quynnkennedy3956@gmail.net,'artist' ,'female',YLN72NCG4TB,9/4/2022,"(""Nerea Fernandez"", ""nereafernandez6666@gmail.couk"", 'artist' , 'male', ""VWI65NKX5ES"", ""2022-09-07""),"
Nerea Fernandez,nereafernandez6666@gmail.couk,'artist' ,'male',VWI65NKX5ES,9/7/2022,"(""Alfonso Thang"", ""alfonsothang1475@gmail.org"", 'customer' , 'female', ""NCO73OJI6IG"", ""2021-06-25""),"
Alfonso Thang,alfonsothang1475@gmail.org,'customer' ,'female',NCO73OJI6IG,6/25/2021,"(""Cullen Özmen"", ""cullenzmen3625@gmail.couk"", 'customer' , 'female', ""DNR58CMH8OJ"", ""2022-09-03""),"
Cullen Özmen,cullenzmen3625@gmail.couk,'customer' ,'female',DNR58CMH8OJ,9/3/2022,"(""Benedict Yalçınkaya"", ""benedictyalnkaya@gmail.ca"", 'customer' , 'female', ""VOJ45EHE4CP"", ""2022-04-13""),"
Benedict Yalçınkaya,benedictyalnkaya@gmail.ca,'customer' ,'female',VOJ45EHE4CP,4/13/2022,"(""Dana Aremu"", ""danaaremu3070@gmail.com"", 'customer' , 'female', ""ONP11GEJ3MK"", ""2021-09-28""),"
Dana Aremu,danaaremu3070@gmail.com,'customer' ,'female',ONP11GEJ3MK,9/28/2021,"(""Gareth Butler"", ""garethbutler@gmail.edu"", 'artist' , 'female', ""SOT66XLJ2RM"", ""2021-07-09""),"
Gareth Butler,garethbutler@gmail.edu,'artist' ,'female',SOT66XLJ2RM,7/9/2021,"(""Cullen Johnston"", ""cullenjohnston@gmail.couk"", 'customer' , 'female', ""DWX71GVU8VD"", ""2022-02-08""),"
Cullen Johnston,cullenjohnston@gmail.couk,'customer' ,'female',DWX71GVU8VD,2/8/2022,"(""Kylan Krishnamurthy"", ""kylankrishnamurthy@gmail.com"", 'customer' , 'female', ""TUL98WKW5VM"", ""2021-03-14""),"
Kylan Krishnamurthy,kylankrishnamurthy@gmail.com,'customer' ,'female',TUL98WKW5VM,3/14/2021,"(""Nina Neelam"", ""ninaneelam@gmail.org"", 'customer' , 'female', ""HVD48BVY5FN"", ""2022-05-12""),"
Nina Neelam,ninaneelam@gmail.org,'customer' ,'female',HVD48BVY5FN,5/12/2022,"(""Dawn Bakare"", ""dawnbakare9045@gmail.com"", 'customer' , 'male', ""DIR13NSX3IY"", ""2021-10-05""),"
Dawn Bakare,dawnbakare9045@gmail.com,'customer' ,'male',DIR13NSX3IY,10/5/2021,"(""Pearl Özmen"", ""pearlzmen@gmail.couk"", 'artist' , 'male', ""LUR17EPW0GV"", ""2022-10-18""),"
Pearl Özmen,pearlzmen@gmail.couk,'artist' ,'male',LUR17EPW0GV,10/18/2022,"(""Caleb Akyol"", ""calebakyol@gmail.net"", 'artist' , 'male', ""GGO42IDB2HL"", ""2022-10-09""),"
Caleb Akyol,calebakyol@gmail.net,'artist' ,'male',GGO42IDB2HL,10/9/2022,"(""Patience Goel"", ""patiencegoel8688@gmail.couk"", 'customer' , 'female', ""KME17RUH1ZN"", ""2022-05-28""),"
Patience Goel,patiencegoel8688@gmail.couk,'customer' ,'female',KME17RUH1ZN,5/28/2022,"(""Dylan Thiarre"", ""dylanthiarre@gmail.edu"", 'customer' , 'male', ""CYD34VPH5CI"", ""2022-08-15""),"
Dylan Thiarre,dylanthiarre@gmail.edu,'customer' ,'male',CYD34VPH5CI,8/15/2022,"(""Wang Okojie"", ""wangokojie@gmail.ca"", 'artist' , 'male', ""EGI58VYJ1UB"", ""2022-01-08""),"
Wang Okojie,wangokojie@gmail.ca,'artist' ,'male',EGI58VYJ1UB,1/8/2022,"(""Len Giang"", ""lengiang@gmail.ca"", 'artist' , 'female', ""FVV65EJM0TW"", ""2021-02-16""),"
Len Giang,lengiang@gmail.ca,'artist' ,'female',FVV65EJM0TW,2/16/2021,"(""Igor Eker"", ""igoreker5655@gmail.ca"", 'customer' , 'female', ""GIH63JXM8JC"", ""2021-10-03""),"
Igor Eker,igoreker5655@gmail.ca,'customer' ,'female',GIH63JXM8JC,10/3/2021,"(""Branden Thompson"", ""brandenthompson1375@gmail.ca"", 'customer' , 'female', ""VNO36PCQ2WT"", ""2022-08-10""),"
Branden Thompson,brandenthompson1375@gmail.ca,'customer' ,'female',VNO36PCQ2WT,8/10/2022,"(""Olivia Akdemir"", ""oliviaakdemir@gmail.couk"", 'customer' , 'female', ""AFI38CRV4WI"", ""2022-07-14""),"
Olivia Akdemir,oliviaakdemir@gmail.couk,'customer' ,'female',AFI38CRV4WI,7/14/2022,"(""Beck Bhatt"", ""beckbhatt2821@gmail.org"", 'artist' , 'male', ""THM44WAV6OK"", ""2021-12-12""),"
Beck Bhatt,beckbhatt2821@gmail.org,'artist' ,'male',THM44WAV6OK,12/12/2021,"(""Jason Rastogi"", ""jasonrastogi4813@gmail.ca"", 'artist' , 'female', ""GXC20MWR2LY"", ""2022-11-17""),"
Jason Rastogi,jasonrastogi4813@gmail.ca,'artist' ,'female',GXC20MWR2LY,11/17/2022,"(""Brian Sandeep"", ""briansandeep@gmail.org"", 'customer' , 'male', ""NRA73CBX4QP"", ""2022-06-25""),"
Brian Sandeep,briansandeep@gmail.org,'customer' ,'male',NRA73CBX4QP,6/25/2022,"(""Sawyer Espinoza"", ""sawyerespinoza8706@gmail.ca"", 'artist' , 'male', ""CFX22KHZ2GK"", ""2022-10-05""),"
Sawyer Espinoza,sawyerespinoza8706@gmail.ca,'artist' ,'male',CFX22KHZ2GK,10/5/2022,"(""Hadley Chaudhary"", ""hadleychaudhary1603@gmail.net"", 'artist' , 'female', ""CMH31KIF4VF"", ""2022-11-07""),"
Hadley Chaudhary,hadleychaudhary1603@gmail.net,'artist' ,'female',CMH31KIF4VF,11/7/2022,"(""Uma Vicente"", ""umavicente4684@gmail.ca"", 'customer' , 'male', ""DMO45XVC3DV"", ""2021-10-07""),"
Uma Vicente,umavicente4684@gmail.ca,'customer' ,'male',DMO45XVC3DV,10/7/2021,"(""Colt Adewusi"", ""coltadewusi1050@gmail.net"", 'customer' , 'female', ""DEG23CNM8YV"", ""2022-03-24""),"
Colt Adewusi,coltadewusi1050@gmail.net,'customer' ,'female',DEG23CNM8YV,3/24/2022,"(""Jael Nguyễn"", ""jaelnguyn2050@gmail.edu"", 'customer' , 'male', ""LIX76TCQ2OE"", ""2021-07-08""),"
Jael Nguyễn,jaelnguyn2050@gmail.edu,'customer' ,'male',LIX76TCQ2OE,7/8/2021,"(""Illana Taylor"", ""illanataylor@gmail.net"", 'customer' , 'female', ""GIP22LWS6XU"", ""2022-08-24""),"
Illana Taylor,illanataylor@gmail.net,'customer' ,'female',GIP22LWS6XU,8/24/2022,"(""Connor White"", ""connorwhite103@gmail.couk"", 'artist' , 'male', ""OKV31HSB4MJ"", ""2021-12-02""),"
Connor White,connorwhite103@gmail.couk,'artist' ,'male',OKV31HSB4MJ,12/2/2021,"(""Giselle Araya"", ""gisellearaya@gmail.net"", 'artist' , 'male', ""MTP10FGN2GL"", ""2022-11-24""),"
Giselle Araya,gisellearaya@gmail.net,'artist' ,'male',MTP10FGN2GL,11/24/2022,"(""Thaddeus Sharma"", ""thaddeussharma@gmail.couk"", 'customer' , 'female', ""BBM52WGZ7OI"", ""2022-03-02""),"
Thaddeus Sharma,thaddeussharma@gmail.couk,'customer' ,'female',BBM52WGZ7OI,3/2/2022,"(""Ali Bakare"", ""alibakare4391@gmail.net"", 'artist' , 'male', ""VQN73ULK8KY"", ""2021-03-07""),"
Ali Bakare,alibakare4391@gmail.net,'artist' ,'male',VQN73ULK8KY,3/7/2021,"(""Roth Naran"", ""rothnaran7899@gmail.edu"", 'customer' , 'female', ""VRZ47XRF2OM"", ""2022-01-06""),"
Roth Naran,rothnaran7899@gmail.edu,'customer' ,'female',VRZ47XRF2OM,1/6/2022,"(""Cally Nguyễn"", ""callynguyn6195@gmail.org"", 'customer' , 'male', ""GFL68OYW4IX"", ""2022-06-06""),"
Cally Nguyễn,callynguyn6195@gmail.org,'customer' ,'male',GFL68OYW4IX,6/6/2022,"(""Ulysses Mittal"", ""ulyssesmittal3187@gmail.edu"", 'customer' , 'female', ""KRA67LTZ5FR"", ""2022-09-01""),"
Ulysses Mittal,ulyssesmittal3187@gmail.edu,'customer' ,'female',KRA67LTZ5FR,9/1/2022,"(""Rose Ross"", ""roseross@gmail.org"", 'customer' , 'female', ""IKZ62SMF0VU"", ""2021-11-01""),"
Rose Ross,roseross@gmail.org,'customer' ,'female',IKZ62SMF0VU,11/1/2021,"(""Aimee Tiết"", ""aimeetit8142@gmail.org"", 'artist' , 'male', ""QWF41JEV2WK"", ""2021-02-26""),"
Aimee Tiết,aimeetit8142@gmail.org,'artist' ,'male',QWF41JEV2WK,2/26/2021,"(""Steel Suri"", ""steelsuri@gmail.couk"", 'customer' , 'female', ""ZML72OMU4BW"", ""2022-05-05""),"
Steel Suri,steelsuri@gmail.couk,'customer' ,'female',ZML72OMU4BW,5/5/2022,"(""Joshua Gibson"", ""joshuagibson2693@gmail.ca"", 'customer' , 'male', ""IWD41ZCU0PG"", ""2022-01-19""),"
Joshua Gibson,joshuagibson2693@gmail.ca,'customer' ,'male',IWD41ZCU0PG,1/19/2022,"(""Jasper Buraimoh"", ""jasperburaimoh@gmail.net"", 'customer' , 'female', ""MTG40NXG8EL"", ""2021-04-04""),"
Jasper Buraimoh,jasperburaimoh@gmail.net,'customer' ,'female',MTG40NXG8EL,4/4/2021,"(""Bell Uddin"", ""belluddin1077@gmail.com"", 'customer' , 'male', ""RDN71JRD6QP"", ""2022-01-31""),"
Bell Uddin,belluddin1077@gmail.com,'customer' ,'male',RDN71JRD6QP,1/31/2022,"(""Alec Nguyễn"", ""alecnguyn@gmail.net"", 'artist' , 'female', ""ZUV37WDK4JO"", ""2022-10-03""),"
Alec Nguyễn,alecnguyn@gmail.net,'artist' ,'female',ZUV37WDK4JO,10/3/2022,"(""Walker Akyol"", ""walkerakyol@gmail.couk"", 'artist' , 'male', ""WDG35RVL4PV"", ""2022-08-18""),"
Walker Akyol,walkerakyol@gmail.couk,'artist' ,'male',WDG35RVL4PV,8/18/2022,"(""Aladdin Adewumi"", ""aladdinadewumi523@gmail.org"", 'customer' , 'female', ""QTT88KTT2IL"", ""2021-09-28""),"
Aladdin Adewumi,aladdinadewumi523@gmail.org,'customer' ,'female',QTT88KTT2IL,9/28/2021,"(""Odysseus Güney"", ""odysseusgney@gmail.edu"", 'customer' , 'female', ""LWC57TIC5HO"", ""2022-11-08""),"
Odysseus Güney,odysseusgney@gmail.edu,'customer' ,'female',LWC57TIC5HO,11/8/2022,"(""Xena Uddin"", ""xenauddin@gmail.org"", 'artist' , 'male', ""IVU18NNX8OL"", ""2020-12-15""),"
Xena Uddin,xenauddin@gmail.org,'artist' ,'male',IVU18NNX8OL,12/15/2020,"(""Lillian Phillips"", ""lillianphillips@gmail.net"", 'customer' , 'female', ""XDU76ZCC1LI"", ""2022-09-26""),"
Lillian Phillips,lillianphillips@gmail.net,'customer' ,'female',XDU76ZCC1LI,9/26/2022,"(""Lionel Gutierrez"", ""lionelgutierrez@gmail.ca"", 'customer' , 'male', ""RLE50PTR2BQ"", ""2021-05-12""),"
Lionel Gutierrez,lionelgutierrez@gmail.ca,'customer' ,'male',RLE50PTR2BQ,5/12/2021,"(""Haviva Sebastian"", ""havivasebastian4017@gmail.net"", 'artist' , 'female', ""BEQ50EHT6WQ"", ""2021-09-26""),"
Haviva Sebastian,havivasebastian4017@gmail.net,'artist' ,'female',BEQ50EHT6WQ,9/26/2021,"(""Orson Price"", ""orsonprice@gmail.edu"", 'customer' , 'female', ""ECP12QAH8YD"", ""2022-03-06""),"
Orson Price,orsonprice@gmail.edu,'customer' ,'female',ECP12QAH8YD,3/6/2022,"(""Devin Nguyễn"", ""devinnguyn@gmail.net"", 'customer' , 'female', ""IIH12BUL9MI"", ""2021-05-26""),"
Devin Nguyễn,devinnguyn@gmail.net,'customer' ,'female',IIH12BUL9MI,5/26/2021,"(""Rahim Harris"", ""rahimharris5775@gmail.couk"", 'artist' , 'male', ""DWM71MGO2FD"", ""2022-05-11""),"
Rahim Harris,rahimharris5775@gmail.couk,'artist' ,'male',DWM71MGO2FD,5/11/2022,"(""Amal Ofoedu"", ""amalofoedu@gmail.ca"", 'artist' , 'female', ""QDS81GIR0JY"", ""2022-07-10""),"
Amal Ofoedu,amalofoedu@gmail.ca,'artist' ,'female',QDS81GIR0JY,7/10/2022,"(""Lance Ofoedu"", ""lanceofoedu@gmail.com"", 'artist' , 'female', ""ESF53SCE2LX"", ""2021-10-13""),"
Lance Ofoedu,lanceofoedu@gmail.com,'artist' ,'female',ESF53SCE2LX,10/13/2021,"(""Basil Anjorin"", ""basilanjorin3201@gmail.org"", 'customer' , 'female', ""TKK72PTM8QS"", ""2022-04-29""),"
Basil Anjorin,basilanjorin3201@gmail.org,'customer' ,'female',TKK72PTM8QS,4/29/2022,"(""Dahlia Rogers"", ""dahliarogers4689@gmail.com"", 'customer' , 'male', ""OCC43QTN6WN"", ""2022-02-14""),"
Dahlia Rogers,dahliarogers4689@gmail.com,'customer' ,'male',OCC43QTN6WN,2/14/2022,"(""Armando Idonije"", ""armandoidonije2910@gmail.org"", 'artist' , 'female', ""DDE37MWT1CD"", ""2021-12-20""),"
Armando Idonije,armandoidonije2910@gmail.org,'artist' ,'female',DDE37MWT1CD,12/20/2021,"(""Selma Silva"", ""selmasilva6202@gmail.com"", 'artist' , 'male', ""HKQ28VMH1BQ"", ""2021-01-09""),"
Selma Silva,selmasilva6202@gmail.com,'artist' ,'male',HKQ28VMH1BQ,1/9/2021,"(""Hedwig Altın"", ""hedwigaltn@gmail.couk"", 'customer' , 'male', ""TDL48OBQ5LF"", ""2021-12-20""),"
Hedwig Altın,hedwigaltn@gmail.couk,'customer' ,'male',TDL48OBQ5LF,12/20/2021,"(""Quinn Mẫn"", ""quinnmn5648@gmail.net"", 'customer' , 'female', ""TLZ44TRR9PB"", ""2021-08-26""),"
Quinn Mẫn,quinnmn5648@gmail.net,'customer' ,'female',TLZ44TRR9PB,8/26/2021,"(""Knox Ajudua"", ""knoxajudua1478@gmail.net"", 'artist' , 'male', ""LQN27YSD6YK"", ""2022-04-17""),"
Knox Ajudua,knoxajudua1478@gmail.net,'artist' ,'male',LQN27YSD6YK,4/17/2022,"(""Macey Sarıkaya"", ""maceysarkaya7821@gmail.edu"", 'customer' , 'male', ""ERI93ING3LV"", ""2022-07-21""),"
Macey Sarıkaya,maceysarkaya7821@gmail.edu,'customer' ,'male',ERI93ING3LV,7/21/2022,"(""Brenden Garcia"", ""brendengarcia@gmail.ca"", 'customer' , 'male', ""QEJ44KXR6RG"", ""2021-05-27""),"
Brenden Garcia,brendengarcia@gmail.ca,'customer' ,'male',QEJ44KXR6RG,5/27/2021,"(""Peter Eroğlu"", ""petererolu@gmail.edu"", 'customer' , 'male', ""OOS33NLF4GL"", ""2022-01-03""),"
Peter Eroğlu,petererolu@gmail.edu,'customer' ,'male',OOS33NLF4GL,1/3/2022,"(""Gloria White"", ""gloriawhite8396@gmail.com"", 'customer' , 'female', ""RYN03AKS6FT"", ""2022-01-21""),"
Gloria White,gloriawhite8396@gmail.com,'customer' ,'female',RYN03AKS6FT,1/21/2022,"(""Vladimir Richardson"", ""vladimirrichardson@gmail.net"", 'artist' , 'male', ""ZUW39FRK8JH"", ""2022-08-18""),"
Vladimir Richardson,vladimirrichardson@gmail.net,'artist' ,'male',ZUW39FRK8JH,8/18/2022,"(""Alika Persaud"", ""alikapersaud6985@gmail.ca"", 'customer' , 'male', ""NEX45PIX7NL"", ""2021-07-28""),"
Alika Persaud,alikapersaud6985@gmail.ca,'customer' ,'male',NEX45PIX7NL,7/28/2021,"(""Sophia Scott"", ""sophiascott@gmail.net"", 'customer' , 'male', ""LPS05KII8XP"", ""2021-04-02""),"
Sophia Scott,sophiascott@gmail.net,'customer' ,'male',LPS05KII8XP,4/2/2021,"(""Lester Carolina"", ""lestercarolina@gmail.com"", 'artist' , 'female', ""TQD65YKY3IS"", ""2022-08-10""),"
Lester Carolina,lestercarolina@gmail.com,'artist' ,'female',TQD65YKY3IS,8/10/2022,"(""Caldwell Monserrat"", ""caldwellmonserrat@gmail.couk"", 'customer' , 'male', ""HBV13RJP3HT"", ""2020-12-24""),"
Caldwell Monserrat,caldwellmonserrat@gmail.couk,'customer' ,'male',HBV13RJP3HT,12/24/2020,"(""Kelly Ayanbadejo"", ""kellyayanbadejo3274@gmail.com"", 'customer' , 'female', ""LSJ71OVA1JZ"", ""2021-12-27""),"
Kelly Ayanbadejo,kellyayanbadejo3274@gmail.com,'customer' ,'female',LSJ71OVA1JZ,12/27/2021,"(""Hedley Rana"", ""hedleyrana4769@gmail.com"", 'customer' , 'male', ""ISG88VNH6QC"", ""2021-07-21""),"
Hedley Rana,hedleyrana4769@gmail.com,'customer' ,'male',ISG88VNH6QC,7/21/2021,"(""Orson Doğru"", ""orsondoru@gmail.com"", 'artist' , 'male', ""CMB15TWE4LX"", ""2021-09-25""),"
Orson Doğru,orsondoru@gmail.com,'artist' ,'male',CMB15TWE4LX,9/25/2021,"(""Rowan Gabriel"", ""rowangabriel3382@gmail.couk"", 'artist' , 'male', ""QLZ20PDC4KH"", ""2021-01-13""),"
Rowan Gabriel,rowangabriel3382@gmail.couk,'artist' ,'male',QLZ20PDC4KH,1/13/2021,"(""Harlan Nhiều"", ""harlannhiu6988@gmail.edu"", 'artist' , 'female', ""LNQ37CFK2VJ"", ""2021-05-29""),"
Harlan Nhiều,harlannhiu6988@gmail.edu,'artist' ,'female',LNQ37CFK2VJ,5/29/2021,"(""Quinlan Sara"", ""quinlansara5312@gmail.edu"", 'artist' , 'female', ""LKW34QOM5SS"", ""2022-02-21""),"
Quinlan Sara,quinlansara5312@gmail.edu,'artist' ,'female',LKW34QOM5SS,2/21/2022,"(""Burton Mạc"", ""burtonmc@gmail.net"", 'customer' , 'male', ""HET69SYW1BG"", ""2021-11-14""),"
Burton Mạc,burtonmc@gmail.net,'customer' ,'male',HET69SYW1BG,11/14/2021,"(""Shoshana Nath"", ""shoshananath4428@gmail.ca"", 'customer' , 'female', ""KQP44BEL8SE"", ""2021-06-21""),"
Shoshana Nath,shoshananath4428@gmail.ca,'customer' ,'female',KQP44BEL8SE,6/21/2021,"(""Bertha Buraimoh"", ""berthaburaimoh3756@gmail.org"", 'customer' , 'female', ""LLC11SNP3FJ"", ""2021-01-11""),"
Bertha Buraimoh,berthaburaimoh3756@gmail.org,'customer' ,'female',LLC11SNP3FJ,1/11/2021,"(""Timothy Altuntaş"", ""timothyaltunta@gmail.com"", 'artist' , 'male', ""IMW60KYA4NL"", ""2021-07-06""),"
Timothy Altuntaş,timothyaltunta@gmail.com,'artist' ,'male',IMW60KYA4NL,7/6/2021,"(""Lois Nguyễn"", ""loisnguyn@gmail.org"", 'customer' , 'female', ""HBL27GKF3VS"", ""2021-02-10""),"
Lois Nguyễn,loisnguyn@gmail.org,'customer' ,'female',HBL27GKF3VS,2/10/2021,"(""Shelly Subram"", ""shellysubram7591@gmail.couk"", 'artist' , 'male', ""IKE66GUJ4KW"", ""2022-03-10""),"
Shelly Subram,shellysubram7591@gmail.couk,'artist' ,'male',IKE66GUJ4KW,3/10/2022,"(""Leandra Martina"", ""leandramartina@gmail.org"", 'customer' , 'female', ""BXZ11RIL4NR"", ""2022-02-03""),"
Leandra Martina,leandramartina@gmail.org,'customer' ,'female',BXZ11RIL4NR,2/3/2022,"(""Rafael Umelo"", ""rafaelumelo8353@gmail.couk"", 'customer' , 'female', ""GLH46RGV3BM"", ""2021-09-14""),"
Rafael Umelo,rafaelumelo8353@gmail.couk,'customer' ,'female',GLH46RGV3BM,9/14/2021,"(""Stephanie Ôn"", ""stephanien8167@gmail.com"", 'artist' , 'female', ""DRP12DBD4MB"", ""2021-09-21""),"
Stephanie Ôn,stephanien8167@gmail.com,'artist' ,'female',DRP12DBD4MB,9/21/2021,"(""Talon Gutierrez"", ""talongutierrez7523@gmail.couk"", 'artist' , 'male', ""MEN01WBT2GF"", ""2022-07-28""),"
Talon Gutierrez,talongutierrez7523@gmail.couk,'artist' ,'male',MEN01WBT2GF,7/28/2022,"(""Wendy Şenol"", ""wendyenol@gmail.edu"", 'customer' , 'male', ""UBM72KEO2AT"", ""2022-01-04""),"
Wendy Şenol,wendyenol@gmail.edu,'customer' ,'male',UBM72KEO2AT,1/4/2022,"(""Vera Idonije"", ""veraidonije6703@gmail.edu"", 'customer' , 'male', ""WJR42OCK8YL"", ""2021-12-31""),"
Vera Idonije,veraidonije6703@gmail.edu,'customer' ,'male',WJR42OCK8YL,12/31/2021,"(""Isadora Buraimoh"", ""isadoraburaimoh6259@gmail.ca"", 'customer' , 'female', ""WLT88FPW8HZ"", ""2021-09-12""),"
Isadora Buraimoh,isadoraburaimoh6259@gmail.ca,'customer' ,'female',WLT88FPW8HZ,9/12/2021,"(""Griffin Narang"", ""griffinnarang@gmail.edu"", 'artist' , 'male', ""SEU39YRU6CG"", ""2021-06-06""),"
Griffin Narang,griffinnarang@gmail.edu,'artist' ,'male',SEU39YRU6CG,6/6/2021,"(""Kylee Brown"", ""kyleebrown@gmail.couk"", 'customer' , 'female', ""HVC71AAZ6ZS"", ""2021-10-04""),"
Kylee Brown,kyleebrown@gmail.couk,'customer' ,'female',HVC71AAZ6ZS,10/4/2021,"(""Hayes Nguyễn"", ""hayesnguyn5342@gmail.org"", 'artist' , 'female', ""UZY40PEJ1VV"", ""2022-07-02""),"
Hayes Nguyễn,hayesnguyn5342@gmail.org,'artist' ,'female',UZY40PEJ1VV,7/2/2022,"(""Iona Turner"", ""ionaturner@gmail.couk"", 'artist' , 'male', ""QPB84YBN9XU"", ""2022-03-21""),"
Iona Turner,ionaturner@gmail.couk,'artist' ,'male',QPB84YBN9XU,3/21/2022,"(""Bertha Verma"", ""berthaverma2962@gmail.edu"", 'artist' , 'male', ""CTH06GNH7FD"", ""2021-12-31""),"
Bertha Verma,berthaverma2962@gmail.edu,'artist' ,'male',CTH06GNH7FD,12/31/2021,"(""Ferris Vicente"", ""ferrisvicente2684@gmail.edu"", 'customer' , 'female', ""SKJ93IRQ3OS"", ""2021-10-24""),"
Ferris Vicente,ferrisvicente2684@gmail.edu,'customer' ,'female',SKJ93IRQ3OS,10/24/2021,"(""Zeph Allen"", ""zephallen5478@gmail.org"", 'customer' , 'male', ""OEX44TYJ5LI"", ""2022-08-21""),"
Zeph Allen,zephallen5478@gmail.org,'customer' ,'male',OEX44TYJ5LI,8/21/2022,"(""Teegan Nguyễn"", ""teegannguyn1657@gmail.org"", 'artist' , 'female', ""SUM46OQA2RV"", ""2022-10-04""),"
Teegan Nguyễn,teegannguyn1657@gmail.org,'artist' ,'female',SUM46OQA2RV,10/4/2022,"(""Seth Sofoluwe"", ""sethsofoluwe@gmail.couk"", 'customer' , 'female', ""XJU29KVC9BX"", ""2022-09-09""),"
Seth Sofoluwe,sethsofoluwe@gmail.couk,'customer' ,'female',XJU29KVC9BX,9/9/2022,"(""Robert Gwarzo"", ""robertgwarzo@gmail.couk"", 'artist' , 'female', ""PRE22CDH2QJ"", ""2022-11-08""),"
Robert Gwarzo,robertgwarzo@gmail.couk,'artist' ,'female',PRE22CDH2QJ,11/8/2022,"(""Yoshio Cung"", ""yoshiocung@gmail.ca"", 'artist' , 'female', ""HVV26IHT7AV"", ""2020-12-13""),"
Yoshio Cung,yoshiocung@gmail.ca,'artist' ,'female',HVV26IHT7AV,12/13/2020,"(""Cody Aderemi"", ""codyaderemi4286@gmail.com"", 'customer' , 'male', ""BMG50YND1TE"", ""2022-02-14""),"
Cody Aderemi,codyaderemi4286@gmail.com,'customer' ,'male',BMG50YND1TE,2/14/2022,"(""Oleg Shan"", ""olegshan1339@gmail.com"", 'artist' , 'female', ""THB58EMF9YR"", ""2021-02-15""),"
Oleg Shan,olegshan1339@gmail.com,'artist' ,'female',THB58EMF9YR,2/15/2021,"(""Oleg O'Brien"", ""olegobrien@gmail.edu"", 'customer' , 'female', ""BSU13LGW3KI"", ""2022-11-19""),"
Oleg O'Brien,olegobrien@gmail.edu,'customer' ,'female',BSU13LGW3KI,11/19/2022,"(""Amir Clarke"", ""amirclarke@gmail.org"", 'customer' , 'female', ""PJD13YEV5EI"", ""2021-09-21""),"
Amir Clarke,amirclarke@gmail.org,'customer' ,'female',PJD13YEV5EI,9/21/2021,"(""Leo Vi"", ""leovi3871@gmail.com"", 'artist' , 'female', ""KBS45FXY7EH"", ""2022-06-22""),"
Leo Vi,leovi3871@gmail.com,'artist' ,'female',KBS45FXY7EH,6/22/2022,"(""Hilda Ujah"", ""hildaujah3111@gmail.com"", 'customer' , 'female', ""CDD89EWR1FD"", ""2022-10-02""),"
Hilda Ujah,hildaujah3111@gmail.com,'customer' ,'female',CDD89EWR1FD,10/2/2022,"(""Molly Ward"", ""mollyward@gmail.net"", 'customer' , 'male', ""GFP29ARC6GK"", ""2021-08-15""),"
Molly Ward,mollyward@gmail.net,'customer' ,'male',GFP29ARC6GK,8/15/2021,"(""Abbot Neel"", ""abbotneel6683@gmail.ca"", 'artist' , 'male', ""NEF88BKL8EM"", ""2022-02-25""),"
Abbot Neel,abbotneel6683@gmail.ca,'artist' ,'male',NEF88BKL8EM,2/25/2022,"(""Burke Karadağ"", ""burkekarada@gmail.com"", 'artist' , 'male', ""JWI88SIE2CT"", ""2021-05-29""),"
Burke Karadağ,burkekarada@gmail.com,'artist' ,'male',JWI88SIE2CT,5/29/2021,"(""Amal Kaçar"", ""amalkaar6887@gmail.ca"", 'customer' , 'female', ""QOJ61WOA4MJ"", ""2021-07-09""),"
Amal Kaçar,amalkaar6887@gmail.ca,'customer' ,'female',QOJ61WOA4MJ,7/9/2021,"(""Joy Thompson"", ""joythompson@gmail.couk"", 'customer' , 'female', ""WHT30UXP5JD"", ""2021-11-28""),"
Joy Thompson,joythompson@gmail.couk,'customer' ,'female',WHT30UXP5JD,11/28/2021,"(""Nerea Bennett"", ""nereabennett@gmail.org"", 'customer' , 'female', ""XON67JYP6JH"", ""2021-09-11""),"
Nerea Bennett,nereabennett@gmail.org,'customer' ,'female',XON67JYP6JH,9/11/2021,"(""Barbara Samuel"", ""barbarasamuel@gmail.net"", 'artist' , 'male', ""FXH51PDJ3DF"", ""2022-03-29""),"
Barbara Samuel,barbarasamuel@gmail.net,'artist' ,'male',FXH51PDJ3DF,3/29/2022,"(""Emi Stewart"", ""emistewart9276@gmail.com"", 'customer' , 'female', ""BEP03EPJ8FB"", ""2021-08-24""),"
Emi Stewart,emistewart9276@gmail.com,'customer' ,'female',BEP03EPJ8FB,8/24/2021,"(""Joseph Raman"", ""josephraman9104@gmail.edu"", 'customer' , 'male', ""VQL96UUI0QE"", ""2022-11-09""),"
Joseph Raman,josephraman9104@gmail.edu,'customer' ,'male',VQL96UUI0QE,11/9/2022,"(""Audrey Hall"", ""audreyhall4302@gmail.couk"", 'artist' , 'male', ""MDS64OXU3ND"", ""2021-02-19""),"
Audrey Hall,audreyhall4302@gmail.couk,'artist' ,'male',MDS64OXU3ND,2/19/2021,"(""Azalia Johnston"", ""azaliajohnston@gmail.couk"", 'artist' , 'male', ""ROY47SBU4IJ"", ""2021-02-25""),"
Azalia Johnston,azaliajohnston@gmail.couk,'artist' ,'male',ROY47SBU4IJ,2/25/2021,"(""Noelle Güngör"", ""noellegngr@gmail.ca"", 'artist' , 'female', ""UJY51INM8SU"", ""2020-12-28""),"
Noelle Güngör,noellegngr@gmail.ca,'artist' ,'female',UJY51INM8SU,12/28/2020,"(""Pascale Nguyễn"", ""pascalenguyn8126@gmail.com"", 'customer' , 'male', ""BGV59VNH5CV"", ""2021-11-15""),"
Pascale Nguyễn,pascalenguyn8126@gmail.com,'customer' ,'male',BGV59VNH5CV,11/15/2021,"(""Kiayada Raje"", ""kiayadaraje@gmail.com"", 'artist' , 'female', ""KRE87CLV8IH"", ""2021-03-16""),"
Kiayada Raje,kiayadaraje@gmail.com,'artist' ,'female',KRE87CLV8IH,3/16/2021,"(""Igor Pia"", ""igorpia3002@gmail.net"", 'artist' , 'female', ""DNO63RVJ9XG"", ""2021-09-21""),"
Igor Pia,igorpia3002@gmail.net,'artist' ,'female',DNO63RVJ9XG,9/21/2021,"(""Natalie Nguyễn"", ""natalienguyn5194@gmail.net"", 'artist' , 'female', ""UCT57WVA5XJ"", ""2021-09-26""),"
Natalie Nguyễn,natalienguyn5194@gmail.net,'artist' ,'female',UCT57WVA5XJ,9/26/2021,"(""Halla Maikori"", ""hallamaikori@gmail.couk"", 'customer' , 'male', ""SMM51RMN3EL"", ""2021-05-08""),"
Halla Maikori,hallamaikori@gmail.couk,'customer' ,'male',SMM51RMN3EL,5/8/2021,"(""Robert Onoja"", ""robertonoja@gmail.edu"", 'customer' , 'female', ""LDX15JXK2GI"", ""2022-09-21""),"
Robert Onoja,robertonoja@gmail.edu,'customer' ,'female',LDX15JXK2GI,9/21/2022,"(""Nelle Pearce"", ""nellepearce965@gmail.couk"", 'artist' , 'female', ""SQD52NBZ7BT"", ""2021-11-28""),"
Nelle Pearce,nellepearce965@gmail.couk,'artist' ,'female',SQD52NBZ7BT,11/28/2021,"(""Dara Nguyễn"", ""daranguyn@gmail.ca"", 'customer' , 'female', ""UBF79LRC5JW"", ""2022-12-04""),"
Dara Nguyễn,daranguyn@gmail.ca,'customer' ,'female',UBF79LRC5JW,12/4/2022,"(""Justine Morris"", ""justinemorris3486@gmail.edu"", 'customer' , 'male', ""SNR78STT6JR"", ""2022-09-22""),"
Justine Morris,justinemorris3486@gmail.edu,'customer' ,'male',SNR78STT6JR,9/22/2022,"(""Xavier Uyar"", ""xavieruyar4659@gmail.edu"", 'artist' , 'male', ""EAX51XPJ5YO"", ""2021-01-13""),"
Xavier Uyar,xavieruyar4659@gmail.edu,'artist' ,'male',EAX51XPJ5YO,1/13/2021,"(""Clayton Gabriela"", ""claytongabriela274@gmail.net"", 'customer' , 'male', ""NRB91TPF2HW"", ""2022-10-02""),"
Clayton Gabriela,claytongabriela274@gmail.net,'customer' ,'male',NRB91TPF2HW,10/2/2022,"(""Nero Yazici"", ""neroyazici@gmail.com"", 'artist' , 'female', ""LIQ32MXP2QN"", ""2022-09-05""),"
Nero Yazici,neroyazici@gmail.com,'artist' ,'female',LIQ32MXP2QN,9/5/2022,"(""Rowan Nguyễn"", ""rowannguyn@gmail.edu"", 'artist' , 'male', ""JGB47MFY8PO"", ""2022-05-12""),"
Rowan Nguyễn,rowannguyn@gmail.edu,'artist' ,'male',JGB47MFY8PO,5/12/2022,"(""Ashton Nguyễn"", ""ashtonnguyn@gmail.ca"", 'artist' , 'female', ""CKX30ZNQ2ED"", ""2021-06-22""),"
Ashton Nguyễn,ashtonnguyn@gmail.ca,'artist' ,'female',CKX30ZNQ2ED,6/22/2021,"(""Jeremy Nguyễn"", ""jeremynguyn3521@gmail.com"", 'customer' , 'female', ""JJJ53WVD6VY"", ""2022-01-29""),"
Jeremy Nguyễn,jeremynguyn3521@gmail.com,'customer' ,'female',JJJ53WVD6VY,1/29/2022,"(""Candice Arun"", ""candicearun@gmail.com"", 'artist' , 'male', ""PVC43RUM9GL"", ""2022-03-26""),"
Candice Arun,candicearun@gmail.com,'artist' ,'male',PVC43RUM9GL,3/26/2022,"(""Liberty Tran"", ""libertytran@gmail.ca"", 'artist' , 'female', ""ZNR85PXI2OF"", ""2021-08-17""),"
Liberty Tran,libertytran@gmail.ca,'artist' ,'female',ZNR85PXI2OF,8/17/2021,"(""Lana Chander"", ""lanachander@gmail.ca"", 'artist' , 'male', ""SXO19AIN1KM"", ""2021-04-23""),"
Lana Chander,lanachander@gmail.ca,'artist' ,'male',SXO19AIN1KM,4/23/2021,"(""Benedict Pearce"", ""benedictpearce4425@gmail.couk"", 'customer' , 'male', ""UDF01WCM2NG"", ""2021-12-06""),"
Benedict Pearce,benedictpearce4425@gmail.couk,'customer' ,'male',UDF01WCM2NG,12/6/2021,"(""Craig Castillo"", ""craigcastillo5626@gmail.org"", 'artist' , 'male', ""MPH12LGX3IT"", ""2021-04-20""),"
Craig Castillo,craigcastillo5626@gmail.org,'artist' ,'male',MPH12LGX3IT,4/20/2021,"(""Jin Biçer"", ""jinbier9472@gmail.net"", 'artist' , 'female', ""HTY43MBQ8XF"", ""2021-09-23""),"
Jin Biçer,jinbier9472@gmail.net,'artist' ,'female',HTY43MBQ8XF,9/23/2021,"(""Mikayla Cooper"", ""mikaylacooper@gmail.org"", 'customer' , 'male', ""DKT14UPN5RH"", ""2022-01-23""),"
Mikayla Cooper,mikaylacooper@gmail.org,'customer' ,'male',DKT14UPN5RH,1/23/2022,"(""Allistair İnce"", ""allistairnce8598@gmail.com"", 'artist' , 'male', ""MSR25CRB1ON"", ""2021-10-08""),"
Allistair İnce,allistairnce8598@gmail.com,'artist' ,'male',MSR25CRB1ON,10/8/2021,"(""Kato Gül"", ""katogl@gmail.com"", 'artist' , 'male', ""EOG41ZBR7UF"", ""2021-03-17""),"
Kato Gül,katogl@gmail.com,'artist' ,'male',EOG41ZBR7UF,3/17/2021,"(""Logan Gabriela"", ""logangabriela9203@gmail.net"", 'artist' , 'female', ""NYL44CHJ6YY"", ""2022-08-10""),"
Logan Gabriela,logangabriela9203@gmail.net,'artist' ,'female',NYL44CHJ6YY,8/10/2022,"(""Michael Nguyễn"", ""michaelnguyn3780@gmail.com"", 'customer' , 'female', ""BBN23QTB8CF"", ""2022-03-19""),"
Michael Nguyễn,michaelnguyn3780@gmail.com,'customer' ,'female',BBN23QTB8CF,3/19/2022,"(""Anthony Arun"", ""anthonyarun9536@gmail.net"", 'artist' , 'male', ""WPI53CEA6YF"", ""2022-04-10""),"
Anthony Arun,anthonyarun9536@gmail.net,'artist' ,'male',WPI53CEA6YF,4/10/2022,"(""Karina Çiçek"", ""karinaiek@gmail.couk"", 'customer' , 'male', ""PGP56HCO4CI"", ""2022-10-10""),"
Karina Çiçek,karinaiek@gmail.couk,'customer' ,'male',PGP56HCO4CI,10/10/2022,"(""Risa Phillips"", ""risaphillips@gmail.ca"", 'artist' , 'male', ""KJJ65OWU6DH"", ""2021-01-01""),"
Risa Phillips,risaphillips@gmail.ca,'artist' ,'male',KJJ65OWU6DH,1/1/2021,"(""Veronica Umelo"", ""veronicaumelo@gmail.couk"", 'customer' , 'male', ""CBU95WTQ1LZ"", ""2022-02-26""),"
Veronica Umelo,veronicaumelo@gmail.couk,'customer' ,'male',CBU95WTQ1LZ,2/26/2022,"(""Bethany Pascal"", ""bethanypascal2882@gmail.couk"", 'customer' , 'male', ""JJD78IXN8CF"", ""2022-01-05""),"
Bethany Pascal,bethanypascal2882@gmail.couk,'customer' ,'male',JJD78IXN8CF,1/5/2022,"(""Wade Barbara"", ""wadebarbara@gmail.org"", 'artist' , 'male', ""WJK25YOA2FX"", ""2022-08-07""),"
Wade Barbara,wadebarbara@gmail.org,'artist' ,'male',WJK25YOA2FX,8/7/2022,"(""Noelle Renato"", ""noellerenato@gmail.ca"", 'customer' , 'female', ""QPF22NKW1FW"", ""2021-02-10""),"
Noelle Renato,noellerenato@gmail.ca,'customer' ,'female',QPF22NKW1FW,2/10/2021,"(""Ava Muthu"", ""avamuthu@gmail.org"", 'artist' , 'male', ""ZXT72LXT6DO"", ""2021-07-16""),"
Ava Muthu,avamuthu@gmail.org,'artist' ,'male',ZXT72LXT6DO,7/16/2021,"(""Alexandra Flores"", ""alexandraflores3684@gmail.com"", 'customer' , 'male', ""FNM35LDO8WL"", ""2022-08-08""),"
Alexandra Flores,alexandraflores3684@gmail.com,'customer' ,'male',FNM35LDO8WL,8/8/2022,"(""Paul Vicente"", ""paulvicente@gmail.edu"", 'artist' , 'male', ""TFW16MBM8AR"", ""2021-11-26""),"
Paul Vicente,paulvicente@gmail.edu,'artist' ,'male',TFW16MBM8AR,11/26/2021,"(""Baxter Fisher"", ""baxterfisher4678@gmail.com"", 'artist' , 'male', ""GGQ14IHY8RR"", ""2022-09-28""),"
Baxter Fisher,baxterfisher4678@gmail.com,'artist' ,'male',GGQ14IHY8RR,9/28/2022,"(""Kaitlin Nguyễn"", ""kaitlinnguyn@gmail.net"", 'customer' , 'male', ""JMS56OOZ7IV"", ""2022-10-26""),"
Kaitlin Nguyễn,kaitlinnguyn@gmail.net,'customer' ,'male',JMS56OOZ7IV,10/26/2022,"(""Ursula Nguyễn"", ""ursulanguyn695@gmail.net"", 'customer' , 'female', ""HJT14RYL1KI"", ""2022-07-07""),"
Ursula Nguyễn,ursulanguyn695@gmail.net,'customer' ,'female',HJT14RYL1KI,7/7/2022,"(""Carol Özkan"", ""carolzkan@gmail.org"", 'customer' , 'male', ""HMI77ODD0GW"", ""2022-08-04""),"
Carol Özkan,carolzkan@gmail.org,'customer' ,'male',HMI77ODD0GW,8/4/2022,"(""Mariko Samuel"", ""marikosamuel3464@gmail.org"", 'customer' , 'female', ""PYU55SEL5US"", ""2022-05-27""),"
Mariko Samuel,marikosamuel3464@gmail.org,'customer' ,'female',PYU55SEL5US,5/27/2022,"(""Myra Mati"", ""myramati@gmail.org"", 'artist' , 'male', ""MSD70NIV3KB"", ""2022-06-09""),"
Myra Mati,myramati@gmail.org,'artist' ,'male',MSD70NIV3KB,6/9/2022,"(""Serena Orhan"", ""serenaorhan5866@gmail.ca"", 'artist' , 'female', ""HHO06IYM3EX"", ""2022-11-28""),"
Serena Orhan,serenaorhan5866@gmail.ca,'artist' ,'female',HHO06IYM3EX,11/28/2022,"(""Yeo Yalçın"", ""yeoyaln@gmail.com"", 'artist' , 'male', ""MTC63FJH2MP"", ""2021-03-31""),"
Yeo Yalçın,yeoyaln@gmail.com,'artist' ,'male',MTC63FJH2MP,3/31/2021,"(""Tobias Yıldız"", ""tobiasyldz@gmail.com"", 'customer' , 'female', ""MKH54DPH5QR"", ""2021-08-20""),"
Tobias Yıldız,tobiasyldz@gmail.com,'customer' ,'female',MKH54DPH5QR,8/20/2021,"(""Ariel Laouali"", ""ariellaouali@gmail.ca"", 'customer' , 'male', ""MMK21KBW5DH"", ""2021-04-21""),"
Ariel Laouali,ariellaouali@gmail.ca,'customer' ,'male',MMK21KBW5DH,4/21/2021,"(""Nichole Çalışkan"", ""nicholealkan7545@gmail.couk"", 'artist' , 'female', ""BUV88UCM2VO"", ""2022-06-13""),"
Nichole Çalışkan,nicholealkan7545@gmail.couk,'artist' ,'female',BUV88UCM2VO,6/13/2022,"(""Thomas Nguyễn"", ""thomasnguyn766@gmail.ca"", 'artist' , 'female', ""SIM42GML1XG"", ""2021-07-04""),"
Thomas Nguyễn,thomasnguyn766@gmail.ca,'artist' ,'female',SIM42GML1XG,7/4/2021,"(""Chadwick Gökçe"", ""chadwickgke5055@gmail.ca"", 'artist' , 'male', ""OXB54LNJ9UE"", ""2021-02-25""),"
Chadwick Gökçe,chadwickgke5055@gmail.ca,'artist' ,'male',OXB54LNJ9UE,2/25/2021,"(""Damon Gabriela"", ""damongabriela3287@gmail.net"", 'artist' , 'male', ""QHW24YKO5AH"", ""2021-02-10""),"
Damon Gabriela,damongabriela3287@gmail.net,'artist' ,'male',QHW24YKO5AH,2/10/2021,"(""Cailin Nwakaeme"", ""cailinnwakaeme@gmail.couk"", 'artist' , 'male', ""FQH87CZW7SW"", ""2022-06-15""),"
Cailin Nwakaeme,cailinnwakaeme@gmail.couk,'artist' ,'male',FQH87CZW7SW,6/15/2022,"(""Quemby Cook"", ""quembycook6406@gmail.ca"", 'artist' , 'male', ""QPW93IBB3WU"", ""2021-11-18""),"
Quemby Cook,quembycook6406@gmail.ca,'artist' ,'male',QPW93IBB3WU,11/18/2021,"(""Joy Ellis"", ""joyellis3762@gmail.edu"", 'customer' , 'female', ""BKU42EPK3LW"", ""2022-08-19""),"
Joy Ellis,joyellis3762@gmail.edu,'customer' ,'female',BKU42EPK3LW,8/19/2022,"(""Dane Nguyễn"", ""danenguyn4700@gmail.com"", 'artist' , 'female', ""RPJ61UQH6ND"", ""2022-12-05""),"
Dane Nguyễn,danenguyn4700@gmail.com,'artist' ,'female',RPJ61UQH6ND,12/5/2022,"(""Stacy Nguyễn"", ""stacynguyn@gmail.couk"", 'artist' , 'female', ""DBK13TJR8JU"", ""2022-11-09""),"
Stacy Nguyễn,stacynguyn@gmail.couk,'artist' ,'female',DBK13TJR8JU,11/9/2022,"(""Camden Biện"", ""camdenbin8120@gmail.ca"", 'artist' , 'female', ""USY21IDV6KX"", ""2021-12-03""),"
Camden Biện,camdenbin8120@gmail.ca,'artist' ,'female',USY21IDV6KX,12/3/2021,"(""Barclay Vân"", ""barclayvn2519@gmail.org"", 'artist' , 'female', ""BQN34WPT9QL"", ""2022-10-21""),"
Barclay Vân,barclayvn2519@gmail.org,'artist' ,'female',BQN34WPT9QL,10/21/2022,"(""Ifeoma Nguyễn"", ""ifeomanguyn8147@gmail.edu"", 'customer' , 'female', ""HHF54GDJ1CC"", ""2022-09-10""),"
Ifeoma Nguyễn,ifeomanguyn8147@gmail.edu,'customer' ,'female',HHF54GDJ1CC,9/10/2022,"(""Deborah Nguyễn"", ""deborahnguyn@gmail.net"", 'artist' , 'female', ""UEQ33FOQ2WJ"", ""2022-09-28""),"
Deborah Nguyễn,deborahnguyn@gmail.net,'artist' ,'female',UEQ33FOQ2WJ,9/28/2022,"(""Ainsley Isabella"", ""ainsleyisabella@gmail.net"", 'customer' , 'female', ""AGS67AKR1NN"", ""2021-11-06""),"
Ainsley Isabella,ainsleyisabella@gmail.net,'customer' ,'female',AGS67AKR1NN,11/6/2021,"(""Buckminster Murray"", ""buckminstermurray4286@gmail.net"", 'customer' , 'male', ""IDT05JSR4EC"", ""2021-08-07""),"
Buckminster Murray,buckminstermurray4286@gmail.net,'customer' ,'male',IDT05JSR4EC,8/7/2021,"(""Marah Cristobal"", ""marahcristobal@gmail.org"", 'artist' , 'female', ""UKM37IOY5RN"", ""2022-06-27""),"
Marah Cristobal,marahcristobal@gmail.org,'artist' ,'female',UKM37IOY5RN,6/27/2022,"(""Yasir Aneke"", ""yasiraneke@gmail.com"", 'customer' , 'female', ""LJN57GBV0YJ"", ""2021-08-21""),"
Yasir Aneke,yasiraneke@gmail.com,'customer' ,'female',LJN57GBV0YJ,8/21/2021,"(""Ferris Hughes"", ""ferrishughes815@gmail.couk"", 'artist' , 'female', ""FZK95YWR6XV"", ""2021-10-24""),"
Ferris Hughes,ferrishughes815@gmail.couk,'artist' ,'female',FZK95YWR6XV,10/24/2021,"(""Demetria Puri"", ""demetriapuri9553@gmail.com"", 'artist' , 'male', ""HCY65SGG9TS"", ""2022-06-27""),"
Demetria Puri,demetriapuri9553@gmail.com,'artist' ,'male',HCY65SGG9TS,6/27/2022,"(""Chandler McDonald"", ""chandlermcdonald5734@gmail.com"", 'customer' , 'female', ""WWJ43DDD2TB"", ""2021-04-20""),"
Chandler McDonald,chandlermcdonald5734@gmail.com,'customer' ,'female',WWJ43DDD2TB,4/20/2021,"(""Thaddeus Balarabe"", ""thaddeusbalarabe@gmail.couk"", 'artist' , 'male', ""CGH27CKH7QU"", ""2021-08-20""),"
Thaddeus Balarabe,thaddeusbalarabe@gmail.couk,'artist' ,'male',CGH27CKH7QU,8/20/2021,"(""Priscilla Pal"", ""priscillapal6725@gmail.net"", 'artist' , 'female', ""HTM18FWA9SG"", ""2022-01-29""),"
Priscilla Pal,priscillapal6725@gmail.net,'artist' ,'female',HTM18FWA9SG,1/29/2022,"(""Logan Garcia"", ""logangarcia@gmail.ca"", 'customer' , 'male', ""VOJ27ILJ8SI"", ""2021-12-12""),"
Logan Garcia,logangarcia@gmail.ca,'customer' ,'male',VOJ27ILJ8SI,12/12/2021,"(""Chantale Gibson"", ""chantalegibson740@gmail.ca"", 'customer' , 'male', ""ONC85AEH3RT"", ""2022-05-29""),"
Chantale Gibson,chantalegibson740@gmail.ca,'customer' ,'male',ONC85AEH3RT,5/29/2022,"(""Madison Patel"", ""madisonpatel2097@gmail.ca"", 'customer' , 'male', ""OLF25ODY5TY"", ""2022-07-02""),"
Madison Patel,madisonpatel2097@gmail.ca,'customer' ,'male',OLF25ODY5TY,7/2/2022,"(""Piper Nguyễn"", ""pipernguyn@gmail.org"", 'customer' , 'female', ""HZB72IIC6DC"", ""2021-03-01""),"
Piper Nguyễn,pipernguyn@gmail.org,'customer' ,'female',HZB72IIC6DC,3/1/2021,"(""Darius Smith"", ""dariussmith@gmail.com"", 'customer' , 'female', ""KTK42TDZ9WU"", ""2021-11-12""),"
Darius Smith,dariussmith@gmail.com,'customer' ,'female',KTK42TDZ9WU,11/12/2021,"(""Courtney Topçu"", ""courtneytopu@gmail.ca"", 'customer' , 'male', ""ZLC95WGL7AZ"", ""2021-10-03""),"
Courtney Topçu,courtneytopu@gmail.ca,'customer' ,'male',ZLC95WGL7AZ,10/3/2021,"(""Brenda Kennedy"", ""brendakennedy@gmail.com"", 'artist' , 'male', ""WJX51IFC5VK"", ""2021-12-11""),"
Brenda Kennedy,brendakennedy@gmail.com,'artist' ,'male',WJX51IFC5VK,12/11/2021,"(""Lucas Kaya"", ""lucaskaya@gmail.com"", 'artist' , 'female', ""BLH52RLF2NJ"", ""2022-03-06""),"
Lucas Kaya,lucaskaya@gmail.com,'artist' ,'female',BLH52RLF2NJ,3/6/2022,"(""Simone Lata"", ""simonelata411@gmail.ca"", 'artist' , 'male', ""CLC34FIY8XS"", ""2021-05-20""),"
Simone Lata,simonelata411@gmail.ca,'artist' ,'male',CLC34FIY8XS,5/20/2021,"(""Cyrus Allen"", ""cyrusallen7433@gmail.net"", 'artist' , 'male', ""COU42KDI6PQ"", ""2022-08-21""),"
Cyrus Allen,cyrusallen7433@gmail.net,'artist' ,'male',COU42KDI6PQ,8/21/2022,"(""Isabella Torres"", ""isabellatorres@gmail.couk"", 'customer' , 'female', ""SDQ68OWI7LY"", ""2022-05-18""),"
Isabella Torres,isabellatorres@gmail.couk,'customer' ,'female',SDQ68OWI7LY,5/18/2022,"(""Ramona Karadeniz"", ""ramonakaradeniz6467@gmail.ca"", 'customer' , 'female', ""QTX12DVE7NZ"", ""2020-12-13""),"
Ramona Karadeniz,ramonakaradeniz6467@gmail.ca,'customer' ,'female',QTX12DVE7NZ,12/13/2020,"(""Tad Green"", ""tadgreen@gmail.ca"", 'artist' , 'female', ""CMA76ROW6UY"", ""2021-05-24""),"
Tad Green,tadgreen@gmail.ca,'artist' ,'female',CMA76ROW6UY,5/24/2021,"(""Keelie Akça"", ""keelieaka@gmail.com"", 'artist' , 'female', ""RST12ZBH2UK"", ""2021-05-20""),"
Keelie Akça,keelieaka@gmail.com,'artist' ,'female',RST12ZBH2UK,5/20/2021,"(""Kevyn Cortes"", ""kevyncortes@gmail.ca"", 'customer' , 'female', ""OFP72YGK3GL"", ""2022-04-10""),"
Kevyn Cortes,kevyncortes@gmail.ca,'customer' ,'female',OFP72YGK3GL,4/10/2022,"(""Melvin Nguyễn"", ""melvinnguyn@gmail.edu"", 'artist' , 'male', ""SDD46IXO8IU"", ""2021-04-24""),"
Melvin Nguyễn,melvinnguyn@gmail.edu,'artist' ,'male',SDD46IXO8IU,4/24/2021,"(""Janna Suri"", ""jannasuri8448@gmail.couk"", 'artist' , 'female', ""WIR46CXM8TP"", ""2022-07-30""),"
Janna Suri,jannasuri8448@gmail.couk,'artist' ,'female',WIR46CXM8TP,7/30/2022,"(""Bruno Aktaş"", ""brunoakta@gmail.ca"", 'artist' , 'male', ""YPS83ZQK6NU"", ""2021-07-31""),"
Bruno Aktaş,brunoakta@gmail.ca,'artist' ,'male',YPS83ZQK6NU,7/31/2021,"(""Deanna Okojie"", ""deannaokojie@gmail.org"", 'customer' , 'female', ""ILK12KMR4DP"", ""2021-05-23""),"
Deanna Okojie,deannaokojie@gmail.org,'customer' ,'female',ILK12KMR4DP,5/23/2021,"(""Noel Martin"", ""noelmartin6432@gmail.edu"", 'artist' , 'female', ""FTR76DMM2JJ"", ""2021-05-15""),"
Noel Martin,noelmartin6432@gmail.edu,'artist' ,'female',FTR76DMM2JJ,5/15/2021,"(""Sebastian Reid"", ""sebastianreid421@gmail.net"", 'customer' , 'female', ""TUT27VYT2AN"", ""2022-04-10""),"
Sebastian Reid,sebastianreid421@gmail.net,'customer' ,'female',TUT27VYT2AN,4/10/2022,"(""Yael Tào"", ""yaelto@gmail.couk"", 'customer' , 'male', ""DKW44PUW4ZN"", ""2022-12-07""),"
Yael Tào,yaelto@gmail.couk,'customer' ,'male',DKW44PUW4ZN,12/7/2022,"(""Castor Walsh"", ""castorwalsh8918@gmail.com"", 'customer' , 'female', ""HSG55LLJ7LU"", ""2022-06-25""),"
Castor Walsh,castorwalsh8918@gmail.com,'customer' ,'female',HSG55LLJ7LU,6/25/2022,"(""Jena Buraimoh"", ""jenaburaimoh5056@gmail.org"", 'artist' , 'male', ""XSN13BCK6QH"", ""2021-03-31""),"
Jena Buraimoh,jenaburaimoh5056@gmail.org,'artist' ,'male',XSN13BCK6QH,3/31/2021,"(""Cora Nguyễn"", ""coranguyn4419@gmail.couk"", 'customer' , 'female', ""DMV67SRN1QL"", ""2021-11-11""),"
Cora Nguyễn,coranguyn4419@gmail.couk,'customer' ,'female',DMV67SRN1QL,11/11/2021,"(""Piper Diaz"", ""piperdiaz1041@gmail.ca"", 'artist' , 'female', ""CWE51LWY6KG"", ""2022-10-19""),"
Piper Diaz,piperdiaz1041@gmail.ca,'artist' ,'female',CWE51LWY6KG,10/19/2022,"(""Abigail Nguyễn"", ""abigailnguyn@gmail.couk"", 'customer' , 'male', ""JBE16BNG2NY"", ""2022-06-13""),"
Abigail Nguyễn,abigailnguyn@gmail.couk,'customer' ,'male',JBE16BNG2NY,6/13/2022,"(""Teegan Ofoedu"", ""teeganofoedu@gmail.ca"", 'artist' , 'female', ""IMG17FBX5KG"", ""2021-06-22""),"
Teegan Ofoedu,teeganofoedu@gmail.ca,'artist' ,'female',IMG17FBX5KG,6/22/2021,"(""Stewart Sen"", ""stewartsen9140@gmail.com"", 'artist' , 'female', ""JCU20AMW7GK"", ""2021-12-06""),"
Stewart Sen,stewartsen9140@gmail.com,'artist' ,'female',JCU20AMW7GK,12/6/2021,"(""Yoshio Usta"", ""yoshiousta2606@gmail.couk"", 'artist' , 'female', ""FJE34UIJ6IL"", ""2021-07-23""),"
Yoshio Usta,yoshiousta2606@gmail.couk,'artist' ,'female',FJE34UIJ6IL,7/23/2021,"(""Deacon Raman"", ""deaconraman8381@gmail.couk"", 'artist' , 'male', ""RYW55IPL6PF"", ""2022-01-20""),"
Deacon Raman,deaconraman8381@gmail.couk,'artist' ,'male',RYW55IPL6PF,1/20/2022,"(""Arsenio Ünsal"", ""arsenionsal9402@gmail.com"", 'customer' , 'female', ""OVN19BVN1QU"", ""2022-01-17""),"
Arsenio Ünsal,arsenionsal9402@gmail.com,'customer' ,'female',OVN19BVN1QU,1/17/2022,"(""Paloma Stewart"", ""palomastewart9384@gmail.com"", 'artist' , 'female', ""KFN57PGT9SQ"", ""2022-11-19""),"
Paloma Stewart,palomastewart9384@gmail.com,'artist' ,'female',KFN57PGT9SQ,11/19/2022,"(""Ryder Işık"", ""ryderik@gmail.net"", 'customer' , 'female', ""ELC44SUY1PI"", ""2022-06-23""),"
Ryder Işık,ryderik@gmail.net,'customer' ,'female',ELC44SUY1PI,6/23/2022,"(""Elvis Luis"", ""elvisluis@gmail.edu"", 'artist' , 'male', ""RDT27OHK8AK"", ""2020-12-31""),"
Elvis Luis,elvisluis@gmail.edu,'artist' ,'male',RDT27OHK8AK,12/31/2020,"(""Leigh Adarabioyo"", ""leighadarabioyo9701@gmail.org"", 'artist' , 'female', ""PSD51KVM8LL"", ""2021-08-06""),"
Leigh Adarabioyo,leighadarabioyo9701@gmail.org,'artist' ,'female',PSD51KVM8LL,8/6/2021,"(""Blaze Vijaya"", ""blazevijaya@gmail.edu"", 'artist' , 'male', ""EFC60PXN4NV"", ""2021-12-04""),"
Blaze Vijaya,blazevijaya@gmail.edu,'artist' ,'male',EFC60PXN4NV,12/4/2021,"(""Aaron Tiêu"", ""aarontiu7350@gmail.edu"", 'customer' , 'male', ""DGJ69PDN0LA"", ""2021-05-19""),"
Aaron Tiêu,aarontiu7350@gmail.edu,'customer' ,'male',DGJ69PDN0LA,5/19/2021,"(""Tamekah Nguyễn"", ""tamekahnguyn@gmail.edu"", 'customer' , 'male', ""GDG77ZIM3SR"", ""2022-12-04""),"
Tamekah Nguyễn,tamekahnguyn@gmail.edu,'customer' ,'male',GDG77ZIM3SR,12/4/2022,"(""Hu Rivera"", ""hurivera@gmail.ca"", 'customer' , 'male', ""MUW08LMR2QC"", ""2022-06-14""),"
Hu Rivera,hurivera@gmail.ca,'customer' ,'male',MUW08LMR2QC,6/14/2022,"(""Alea Pia"", ""aleapia@gmail.net"", 'artist' , 'male', ""LER08EGU5CN"", ""2021-06-27""),"
Alea Pia,aleapia@gmail.net,'artist' ,'male',LER08EGU5CN,6/27/2021,"(""Blaze Allen"", ""blazeallen@gmail.com"", 'artist' , 'male', ""EDW04NMY4RG"", ""2022-09-20""),"
Blaze Allen,blazeallen@gmail.com,'artist' ,'male',EDW04NMY4RG,9/20/2022,"(""Whilemina Güven"", ""whileminagven5668@gmail.org"", 'artist' , 'female', ""MWR56WPJ4DL"", ""2022-06-14""),"
Whilemina Güven,whileminagven5668@gmail.org,'artist' ,'female',MWR56WPJ4DL,6/14/2022,"(""Jayme Monserrat"", ""jaymemonserrat2459@gmail.couk"", 'customer' , 'female', ""HJM53QRD8DQ"", ""2020-12-24""),"
Jayme Monserrat,jaymemonserrat2459@gmail.couk,'customer' ,'female',HJM53QRD8DQ,12/24/2020,"(""Ila Pascal"", ""ilapascal@gmail.com"", 'customer' , 'male', ""WFP52KVU1TC"", ""2022-09-11""),"
Ila Pascal,ilapascal@gmail.com,'customer' ,'male',WFP52KVU1TC,9/11/2022,"(""Angela Contreras"", ""angelacontreras9749@gmail.couk"", 'customer' , 'male', ""CRY85QLQ8AT"", ""2021-06-22""),"
Angela Contreras,angelacontreras9749@gmail.couk,'customer' ,'male',CRY85QLQ8AT,6/22/2021,"(""Marsden Reyes"", ""marsdenreyes@gmail.edu"", 'artist' , 'female', ""CXL25KUI2TO"", ""2021-11-19""),"
Marsden Reyes,marsdenreyes@gmail.edu,'artist' ,'female',CXL25KUI2TO,11/19/2021,"(""Ferris Daniel"", ""ferrisdaniel2568@gmail.ca"", 'artist' , 'male', ""HBO23ZBD1UY"", ""2021-11-04""),"
Ferris Daniel,ferrisdaniel2568@gmail.ca,'artist' ,'male',HBO23ZBD1UY,11/4/2021,"(""Aline Roberts"", ""alineroberts849@gmail.org"", 'artist' , 'female', ""PXY94SYT2XD"", ""2022-07-10""),"
Aline Roberts,alineroberts849@gmail.org,'artist' ,'female',PXY94SYT2XD,7/10/2022,"(""Buckminster Onoja"", ""buckminsteronoja7567@gmail.com"", 'artist' , 'female', ""FVH05LLC0YD"", ""2022-10-21""),"
Buckminster Onoja,buckminsteronoja7567@gmail.com,'artist' ,'female',FVH05LLC0YD,10/21/2022,"(""Oren Edwards"", ""orenedwards@gmail.edu"", 'artist' , 'female', ""BJR15USL2XL"", ""2022-07-22""),"
Oren Edwards,orenedwards@gmail.edu,'artist' ,'female',BJR15USL2XL,7/22/2022,"(""Armando Clarke"", ""armandoclarke@gmail.net"", 'artist' , 'male', ""SWM62GTS8VZ"", ""2022-05-03""),"
Armando Clarke,armandoclarke@gmail.net,'artist' ,'male',SWM62GTS8VZ,5/3/2022,"(""Mira Gök"", ""miragk5432@gmail.org"", 'artist' , 'male', ""HEP64JSX9BC"", ""2022-08-05""),"
Mira Gök,miragk5432@gmail.org,'artist' ,'male',HEP64JSX9BC,8/5/2022,"(""Scarlett Onoja"", ""scarlettonoja@gmail.org"", 'artist' , 'male', ""KXW38LNK8HR"", ""2022-02-03""),"
Scarlett Onoja,scarlettonoja@gmail.org,'artist' ,'male',KXW38LNK8HR,2/3/2022,"(""Colorado Abagun"", ""coloradoabagun@gmail.ca"", 'customer' , 'male', ""XNV17NSW1CF"", ""2021-12-31""),"
Colorado Abagun,coloradoabagun@gmail.ca,'customer' ,'male',XNV17NSW1CF,12/31/2021,"(""Acton Osakwe"", ""actonosakwe@gmail.edu"", 'artist' , 'female', ""BNR82HAJ8DP"", ""2022-02-23""),"
Acton Osakwe,actonosakwe@gmail.edu,'artist' ,'female',BNR82HAJ8DP,2/23/2022,"(""Kiayada Yeşil"", ""kiayadayeil@gmail.edu"", 'artist' , 'male', ""RWU43PTH3DM"", ""2021-06-06""),"
Kiayada Yeşil,kiayadayeil@gmail.edu,'artist' ,'male',RWU43PTH3DM,6/6/2021,"(""MacKensie Diem"", ""mackensiediem@gmail.couk"", 'customer' , 'male', ""UQX74UOS1QM"", ""2021-07-11""),"
MacKensie Diem,mackensiediem@gmail.couk,'customer' ,'male',UQX74UOS1QM,7/11/2021,"(""Jescie Valentina"", ""jescievalentina@gmail.net"", 'customer' , 'female', ""NMN68BDW8VD"", ""2022-04-22""),"
Jescie Valentina,jescievalentina@gmail.net,'customer' ,'female',NMN68BDW8VD,4/22/2022,"(""Audra Bennett"", ""audrabennett@gmail.ca"", 'artist' , 'female', ""RHY63IXM6GK"", ""2021-01-24""),"
Audra Bennett,audrabennett@gmail.ca,'artist' ,'female',RHY63IXM6GK,1/24/2021,"(""Jesse Neela"", ""jesseneela@gmail.org"", 'artist' , 'female', ""YFK77XEP5DE"", ""2022-08-11""),"
Jesse Neela,jesseneela@gmail.org,'artist' ,'female',YFK77XEP5DE,8/11/2022,"(""Lester Nguyễn"", ""lesternguyn@gmail.edu"", 'customer' , 'male', ""KFV73RWU7NG"", ""2022-07-30""),"
Lester Nguyễn,lesternguyn@gmail.edu,'customer' ,'male',KFV73RWU7NG,7/30/2022,"(""Alan Edwards"", ""alanedwards@gmail.net"", 'artist' , 'male', ""KTQ12IPT2SS"", ""2021-10-29""),"
Alan Edwards,alanedwards@gmail.net,'artist' ,'male',KTQ12IPT2SS,10/29/2021,"(""Hashim Nguyễn"", ""hashimnguyn5222@gmail.com"", 'customer' , 'female', ""GVM42ZEL7ID"", ""2021-04-27""),"
Hashim Nguyễn,hashimnguyn5222@gmail.com,'customer' ,'female',GVM42ZEL7ID,4/27/2021,"(""Quyn Bentlee"", ""quynbentlee@gmail.net"", 'artist' , 'female', ""MBG45QYI1JA"", ""2022-02-09""),"
Quyn Bentlee,quynbentlee@gmail.net,'artist' ,'female',MBG45QYI1JA,2/9/2022,"(""Sybill Garcia"", ""sybillgarcia8561@gmail.couk"", 'artist' , 'female', ""BQT27NJD7UH"", ""2021-04-06""),"
Sybill Garcia,sybillgarcia8561@gmail.couk,'artist' ,'female',BQT27NJD7UH,4/6/2021,"(""Dillon Simpson"", ""dillonsimpson885@gmail.org"", 'artist' , 'female', ""BYK82TGH5JF"", ""2022-07-11""),"
Dillon Simpson,dillonsimpson885@gmail.org,'artist' ,'female',BYK82TGH5JF,7/11/2022,"(""Madison Adekugbe"", ""madisonadekugbe8633@gmail.org"", 'artist' , 'female', ""OOH41XNL5EL"", ""2021-07-11""),"
Madison Adekugbe,madisonadekugbe8633@gmail.org,'artist' ,'female',OOH41XNL5EL,7/11/2021,"(""Robin Sen"", ""robinsen3650@gmail.net"", 'artist' , 'female', ""TMW16QYQ4VU"", ""2021-06-28""),"
Robin Sen,robinsen3650@gmail.net,'artist' ,'female',TMW16QYQ4VU,6/28/2021,"(""Chantale Nguyễn"", ""chantalenguyn@gmail.ca"", 'artist' , 'male', ""YEV21DQP1JP"", ""2020-12-27""),"
Chantale Nguyễn,chantalenguyn@gmail.ca,'artist' ,'male',YEV21DQP1JP,12/27/2020,"(""Ignacia Ganesh"", ""ignaciaganesh6314@gmail.org"", 'artist' , 'male', ""MHF77MUB8BS"", ""2021-08-03""),"
Ignacia Ganesh,ignaciaganesh6314@gmail.org,'artist' ,'male',MHF77MUB8BS,8/3/2021,"(""Griffith Ogedegbe"", ""griffithogedegbe@gmail.ca"", 'artist' , 'male', ""KLS59JZR7MD"", ""2021-08-06""),"
Griffith Ogedegbe,griffithogedegbe@gmail.ca,'artist' ,'male',KLS59JZR7MD,8/6/2021,"(""Montana Ihemeje"", ""montanaihemeje2678@gmail.couk"", 'customer' , 'male', ""RCS20RCS3HV"", ""2022-10-20""),"
Montana Ihemeje,montanaihemeje2678@gmail.couk,'customer' ,'male',RCS20RCS3HV,10/20/2022,"(""Cameron Pearce"", ""cameronpearce1545@gmail.org"", 'customer' , 'female', ""BGF72BXY1OV"", ""2021-03-22""),"
Cameron Pearce,cameronpearce1545@gmail.org,'customer' ,'female',BGF72BXY1OV,3/22/2021,"(""Doris Bakare"", ""dorisbakare8783@gmail.com"", 'customer' , 'female', ""NJO12BHY6GC"", ""2022-02-24""),"
Doris Bakare,dorisbakare8783@gmail.com,'customer' ,'female',NJO12BHY6GC,2/24/2022,"(""Jaden Gabriela"", ""jadengabriela2995@gmail.ca"", 'artist' , 'male', ""BKQ45CVQ7DF"", ""2021-07-25""),"
Jaden Gabriela,jadengabriela2995@gmail.ca,'artist' ,'male',BKQ45CVQ7DF,7/25/2021,"(""Petra Nguyễn"", ""petranguyn@gmail.edu"", 'artist' , 'female', ""KHB25UEQ4UE"", ""2021-10-17""),"
Petra Nguyễn,petranguyn@gmail.edu,'artist' ,'female',KHB25UEQ4UE,10/17/2021,"(""Sopoline Eker"", ""sopolineeker@gmail.net"", 'customer' , 'female', ""BFW54FJF6QF"", ""2022-07-03""),"
Sopoline Eker,sopolineeker@gmail.net,'customer' ,'female',BFW54FJF6QF,7/3/2022,"(""Renee Nguyễn"", ""reneenguyn5720@gmail.couk"", 'artist' , 'female', ""CQR83RCF6CC"", ""2021-05-13""),"
Renee Nguyễn,reneenguyn5720@gmail.couk,'artist' ,'female',CQR83RCF6CC,5/13/2021,"(""Linus Nguyễn"", ""linusnguyn@gmail.ca"", 'artist' , 'female', ""XLT14WKD7YS"", ""2022-02-25""),"
Linus Nguyễn,linusnguyn@gmail.ca,'artist' ,'female',XLT14WKD7YS,2/25/2022,"(""Aidan Knight"", ""aidanknight5497@gmail.ca"", 'customer' , 'female', ""QKN42SFE9XI"", ""2021-02-25""),"
Aidan Knight,aidanknight5497@gmail.ca,'customer' ,'female',QKN42SFE9XI,2/25/2021,"(""Marcia Cameron"", ""marciacameron@gmail.net"", 'artist' , 'female', ""ERH46USR6HK"", ""2022-09-03""),"
Marcia Cameron,marciacameron@gmail.net,'artist' ,'female',ERH46USR6HK,9/3/2022,"(""Beau Davies"", ""beaudavies7431@gmail.ca"", 'customer' , 'male', ""MLH56DTS2XV"", ""2022-04-18""),"
Beau Davies,beaudavies7431@gmail.ca,'customer' ,'male',MLH56DTS2XV,4/18/2022,"(""Nicholas Bailey"", ""nicholasbailey@gmail.couk"", 'artist' , 'female', ""BLX16MIG3SK"", ""2022-04-21""),"
Nicholas Bailey,nicholasbailey@gmail.couk,'artist' ,'female',BLX16MIG3SK,4/21/2022,"(""Randall Bell"", ""randallbell825@gmail.ca"", 'artist' , 'male', ""EBZ39LDS7HT"", ""2021-10-13""),"
Randall Bell,randallbell825@gmail.ca,'artist' ,'male',EBZ39LDS7HT,10/13/2021,"(""Sharon Perez"", ""sharonperez3520@gmail.ca"", 'customer' , 'male', ""KWP56CBO5GL"", ""2022-03-16""),"
Sharon Perez,sharonperez3520@gmail.ca,'customer' ,'male',KWP56CBO5GL,3/16/2022,"(""Oliver Nguyễn"", ""olivernguyn3959@gmail.com"", 'customer' , 'female', ""TMA26SON1LI"", ""2021-10-02""),"
Oliver Nguyễn,olivernguyn3959@gmail.com,'customer' ,'female',TMA26SON1LI,10/2/2021,"(""Dolan Jana"", ""dolanjana@gmail.com"", 'artist' , 'female', ""DFO13WDO0TX"", ""2022-10-13""),"
Dolan Jana,dolanjana@gmail.com,'artist' ,'female',DFO13WDO0TX,10/13/2022,"(""Ciara Ofoedu"", ""ciaraofoedu8497@gmail.couk"", 'customer' , 'male', ""DIY57BHW0VI"", ""2022-09-06""),"
Ciara Ofoedu,ciaraofoedu8497@gmail.couk,'customer' ,'male',DIY57BHW0VI,9/6/2022,"(""Eric Rajagopal"", ""ericrajagopal7825@gmail.net"", 'customer' , 'male', ""DWZ08CWP5MX"", ""2022-06-25""),"
Eric Rajagopal,ericrajagopal7825@gmail.net,'customer' ,'male',DWZ08CWP5MX,6/25/2022,"(""Amela Gonzalez"", ""amelagonzalez@gmail.net"", 'customer' , 'female', ""IPG44YOH5TG"", ""2021-03-14""),"
Amela Gonzalez,amelagonzalez@gmail.net,'customer' ,'female',IPG44YOH5TG,3/14/2021,"(""Chiquita Nguyễn"", ""chiquitanguyn8530@gmail.net"", 'customer' , 'male', ""RWH29EBI5GO"", ""2021-08-02""),"
Chiquita Nguyễn,chiquitanguyn8530@gmail.net,'customer' ,'male',RWH29EBI5GO,8/2/2021,"(""Rebekah Zavala"", ""rebekahzavala@gmail.ca"", 'customer' , 'female', ""JDJ73TVH5JR"", ""2022-05-17""),"
Rebekah Zavala,rebekahzavala@gmail.ca,'customer' ,'female',JDJ73TVH5JR,5/17/2022,"(""Hakeem Ofoedu"", ""hakeemofoedu@gmail.com"", 'customer' , 'female', ""MMF65OTR2XM"", ""2022-08-31""),"
Hakeem Ofoedu,hakeemofoedu@gmail.com,'customer' ,'female',MMF65OTR2XM,8/31/2022,"(""Ciara Nagpal"", ""ciaranagpal5007@gmail.net"", 'artist' , 'male', ""JQI56ODF8MH"", ""2021-08-30""),"
Ciara Nagpal,ciaranagpal5007@gmail.net,'artist' ,'male',JQI56ODF8MH,8/30/2021,"(""Silas Sai"", ""silassai2525@gmail.org"", 'customer' , 'female', ""BEU14MYU6IY"", ""2021-06-18""),"
Silas Sai,silassai2525@gmail.org,'customer' ,'female',BEU14MYU6IY,6/18/2021,"(""Urielle Araya"", ""uriellearaya@gmail.com"", 'artist' , 'male', ""BEO85XOW3CE"", ""2021-03-03""),"
Urielle Araya,uriellearaya@gmail.com,'artist' ,'male',BEO85XOW3CE,3/3/2021,"(""Bree Eroğlu"", ""breeerolu7555@gmail.ca"", 'artist' , 'female', ""TCJ32DXI1DL"", ""2021-08-08""),"
Bree Eroğlu,breeerolu7555@gmail.ca,'artist' ,'female',TCJ32DXI1DL,8/8/2021,"(""Jocelyn Arıkan"", ""jocelynarkan@gmail.com"", 'artist' , 'male', ""ODT12VAZ6KQ"", ""2021-05-10""),"
Jocelyn Arıkan,jocelynarkan@gmail.com,'artist' ,'male',ODT12VAZ6KQ,5/10/2021,"(""Helen Srivastava"", ""helensrivastava3408@gmail.com"", 'customer' , 'male', ""JNR32BFM0FX"", ""2022-08-05""),"
Helen Srivastava,helensrivastava3408@gmail.com,'customer' ,'male',JNR32BFM0FX,8/5/2022,"(""Yasir Contreras"", ""yasircontreras@gmail.net"", 'customer' , 'female', ""IGX45WXV3WH"", ""2021-01-19""),"
Yasir Contreras,yasircontreras@gmail.net,'customer' ,'female',IGX45WXV3WH,1/19/2021,"(""Jocelyn Srivas"", ""jocelynsrivas@gmail.couk"", 'artist' , 'female', ""JZB47XYN6WN"", ""2021-06-14""),"
Jocelyn Srivas,jocelynsrivas@gmail.couk,'artist' ,'female',JZB47XYN6WN,6/14/2021,"(""Jakeem Joshi"", ""jakeemjoshi@gmail.net"", 'artist' , 'female', ""ABE35LXE8PL"", ""2021-10-03""),"
Jakeem Joshi,jakeemjoshi@gmail.net,'artist' ,'female',ABE35LXE8PL,10/3/2021,"(""Shoshana Maikori"", ""shoshanamaikori@gmail.edu"", 'artist' , 'female', ""PXT46PYU3RC"", ""2021-02-26""),"
Shoshana Maikori,shoshanamaikori@gmail.edu,'artist' ,'female',PXT46PYU3RC,2/26/2021,"(""Marah Zuniga"", ""marahzuniga@gmail.com"", 'customer' , 'male', ""FWP21XBP6CO"", ""2022-07-01""),"
Marah Zuniga,marahzuniga@gmail.com,'customer' ,'male',FWP21XBP6CO,7/1/2022,"(""Tanner Akinde"", ""tannerakinde2699@gmail.net"", 'customer' , 'female', ""WTU91NYM3TX"", ""2021-10-28""),"
Tanner Akinde,tannerakinde2699@gmail.net,'customer' ,'female',WTU91NYM3TX,10/28/2021,"(""Wynne Ayaz"", ""wynneayaz@gmail.ca"", 'artist' , 'male', ""XWN05XUP3FF"", ""2022-06-21""),"
Wynne Ayaz,wynneayaz@gmail.ca,'artist' ,'male',XWN05XUP3FF,6/21/2022,"(""Jennifer Buraimoh"", ""jenniferburaimoh5219@gmail.org"", 'artist' , 'female', ""UNR15XOI7OV"", ""2022-01-13""),"
Jennifer Buraimoh,jenniferburaimoh5219@gmail.org,'artist' ,'female',UNR15XOI7OV,1/13/2022,"(""Cyrus İnce"", ""cyrusnce7420@gmail.org"", 'artist' , 'male', ""XEF88LYP3WK"", ""2022-03-29""),"
Cyrus İnce,cyrusnce7420@gmail.org,'artist' ,'male',XEF88LYP3WK,3/29/2022,"(""Seth Akdemir"", ""sethakdemir@gmail.net"", 'artist' , 'female', ""HHN98OMK5BH"", ""2020-12-28""),"
Seth Akdemir,sethakdemir@gmail.net,'artist' ,'female',HHN98OMK5BH,12/28/2020,"(""Stuart Nguyễn"", ""stuartnguyn1799@gmail.edu"", 'customer' , 'male', ""RPP96WKI6TW"", ""2020-12-25""),"
Stuart Nguyễn,stuartnguyn1799@gmail.edu,'customer' ,'male',RPP96WKI6TW,12/25/2020,"(""Norman Adekugbe"", ""normanadekugbe7243@gmail.edu"", 'customer' , 'male', ""TUW50ALB2KN"", ""2021-12-29""),"
Norman Adekugbe,normanadekugbe7243@gmail.edu,'customer' ,'male',TUW50ALB2KN,12/29/2021,"(""Winifred Clark"", ""winifredclark1366@gmail.net"", 'customer' , 'male', ""WWM78FJQ7KZ"", ""2021-08-28""),"
Winifred Clark,winifredclark1366@gmail.net,'customer' ,'male',WWM78FJQ7KZ,8/28/2021,"(""Julie Nguyễn"", ""julienguyn@gmail.com"", 'artist' , 'male', ""SXC44KNF8DG"", ""2021-06-07""),"
Julie Nguyễn,julienguyn@gmail.com,'artist' ,'male',SXC44KNF8DG,6/7/2021,"(""Adria Nguyễn"", ""adrianguyn@gmail.net"", 'customer' , 'female', ""HMB42YOL2VR"", ""2022-03-31""),"
Adria Nguyễn,adrianguyn@gmail.net,'customer' ,'female',HMB42YOL2VR,3/31/2022,"(""Louis Göktaş"", ""louisgkta@gmail.edu"", 'artist' , 'female', ""IDX66MOZ6IC"", ""2022-11-04""),"
Louis Göktaş,louisgkta@gmail.edu,'artist' ,'female',IDX66MOZ6IC,11/4/2022,"(""Griffith Veena"", ""griffithveena@gmail.couk"", 'artist' , 'female', ""ELO47ECI7BI"", ""2022-06-13""),"
Griffith Veena,griffithveena@gmail.couk,'artist' ,'female',ELO47ECI7BI,6/13/2022,"(""Quentin Vural"", ""quentinvural1317@gmail.ca"", 'customer' , 'female', ""TKA18HTB5LV"", ""2022-08-28""),"
Quentin Vural,quentinvural1317@gmail.ca,'customer' ,'female',TKA18HTB5LV,8/28/2022,"(""Josiah Öz"", ""josiahz@gmail.edu"", 'artist' , 'male', ""IMW29HHI5RR"", ""2021-04-12""),"
Josiah Öz,josiahz@gmail.edu,'artist' ,'male',IMW29HHI5RR,4/12/2021,"(""Grant Diego"", ""grantdiego@gmail.org"", 'artist' , 'male', ""PAC54XOR0YI"", ""2022-06-07""),"
Grant Diego,grantdiego@gmail.org,'artist' ,'male',PAC54XOR0YI,6/7/2022,"(""Lee Adarabioyo"", ""leeadarabioyo3908@gmail.net"", 'customer' , 'male', ""TEY79FVM1WR"", ""2021-08-01""),"
Lee Adarabioyo,leeadarabioyo3908@gmail.net,'customer' ,'male',TEY79FVM1WR,8/1/2021,"(""Ciaran Bastian"", ""ciaranbastian@gmail.couk"", 'customer' , 'male', ""NHQ27TBC3MK"", ""2022-09-04""),"
Ciaran Bastian,ciaranbastian@gmail.couk,'customer' ,'male',NHQ27TBC3MK,9/4/2022,"(""Maxwell Puri"", ""maxwellpuri@gmail.ca"", 'artist' , 'female', ""WIT85TEV3IV"", ""2022-09-21""),"
Maxwell Puri,maxwellpuri@gmail.ca,'artist' ,'female',WIT85TEV3IV,9/21/2022,"(""Claudia Taşçi"", ""claudiatai@gmail.edu"", 'artist' , 'male', ""WIU54YRQ3KC"", ""2021-12-29""),"
Claudia Taşçi,claudiatai@gmail.edu,'artist' ,'male',WIU54YRQ3KC,12/29/2021,"(""Alvin Sofia"", ""alvinsofia@gmail.org"", 'artist' , 'female', ""UWU58BWF8OY"", ""2022-09-23""),"
Alvin Sofia,alvinsofia@gmail.org,'artist' ,'female',UWU58BWF8OY,9/23/2022,"(""Madison Johnston"", ""madisonjohnston@gmail.couk"", 'artist' , 'female', ""MPB82LNI4CW"", ""2021-12-10""),"
Madison Johnston,madisonjohnston@gmail.couk,'artist' ,'female',MPB82LNI4CW,12/10/2021,"(""Barry Olunloyo"", ""barryolunloyo4852@gmail.edu"", 'artist' , 'male', ""RRQ17PMB1HX"", ""2022-10-31""),"
Barry Olunloyo,barryolunloyo4852@gmail.edu,'artist' ,'male',RRQ17PMB1HX,10/31/2022,"(""Zephania Nguyễn"", ""zephanianguyn5276@gmail.com"", 'artist' , 'male', ""NIO91RGE0GS"", ""2021-04-26""),"
Zephania Nguyễn,zephanianguyn5276@gmail.com,'artist' ,'male',NIO91RGE0GS,4/26/2021,"(""Arden Soto"", ""ardensoto2129@gmail.com"", 'artist' , 'male', ""GQF87WDU8NA"", ""2022-07-17""),"
Arden Soto,ardensoto2129@gmail.com,'artist' ,'male',GQF87WDU8NA,7/17/2022,"(""Mark Chandrasekar"", ""markchandrasekar7673@gmail.org"", 'artist' , 'male', ""LVF49QAM5CI"", ""2021-12-15""),"
Mark Chandrasekar,markchandrasekar7673@gmail.org,'artist' ,'male',LVF49QAM5CI,12/15/2021,"(""Montana Erkan"", ""montanaerkan@gmail.net"", 'customer' , 'female', ""AJP19JEV3EQ"", ""2021-08-02""),"
Montana Erkan,montanaerkan@gmail.net,'customer' ,'female',AJP19JEV3EQ,8/2/2021,"(""Dylan Nguyễn"", ""dylannguyn@gmail.net"", 'artist' , 'male', ""PEW75PQA7JO"", ""2021-11-02""),"
Dylan Nguyễn,dylannguyn@gmail.net,'artist' ,'male',PEW75PQA7JO,11/2/2021,"(""Cadman Ameobi"", ""cadmanameobi@gmail.edu"", 'customer' , 'female', ""BOU62KFO9MH"", ""2022-05-28""),"
Cadman Ameobi,cadmanameobi@gmail.edu,'customer' ,'female',BOU62KFO9MH,5/28/2022,"(""Naomi Nguyễn"", ""naominguyn6881@gmail.com"", 'customer' , 'male', ""MSG03KGS6BD"", ""2021-09-18""),"
Naomi Nguyễn,naominguyn6881@gmail.com,'customer' ,'male',MSG03KGS6BD,9/18/2021,"(""Scott Ofoedu"", ""scottofoedu@gmail.org"", 'customer' , 'male', ""HSW91NXD2GR"", ""2021-10-05""),"
Scott Ofoedu,scottofoedu@gmail.org,'customer' ,'male',HSW91NXD2GR,10/5/2021,"(""Yuli Ajudua"", ""yuliajudua7834@gmail.net"", 'artist' , 'male', ""PXO77DIQ8RD"", ""2021-03-10""),"
Yuli Ajudua,yuliajudua7834@gmail.net,'artist' ,'male',PXO77DIQ8RD,3/10/2021,"(""Murphy Luis"", ""murphyluis@gmail.ca"", 'artist' , 'male', ""MSU03RFS7CN"", ""2022-09-26""),"
Murphy Luis,murphyluis@gmail.ca,'artist' ,'male',MSU03RFS7CN,9/26/2022,"(""Kimberley Diem"", ""kimberleydiem2935@gmail.ca"", 'artist' , 'female', ""WHZ21KBL7KQ"", ""2021-02-06""),"
Kimberley Diem,kimberleydiem2935@gmail.ca,'artist' ,'female',WHZ21KBL7KQ,2/6/2021,"(""Quamar Oliha"", ""quamaroliha6350@gmail.couk"", 'customer' , 'male', ""NQS53OLW7OD"", ""2021-11-17""),"
Quamar Oliha,quamaroliha6350@gmail.couk,'customer' ,'male',NQS53OLW7OD,11/17/2021,"(""Cooper Muthu"", ""coopermuthu5447@gmail.edu"", 'customer' , 'female', ""CFB37PHO3ME"", ""2022-03-17""),"
Cooper Muthu,coopermuthu5447@gmail.edu,'customer' ,'female',CFB37PHO3ME,3/17/2022,"(""Tanya Puri"", ""tanyapuri7689@gmail.couk"", 'customer' , 'female', ""TCB71OIG2MB"", ""2021-04-10""),"
Tanya Puri,tanyapuri7689@gmail.couk,'customer' ,'female',TCB71OIG2MB,4/10/2021,"(""Latifah Ateş"", ""latifahate3887@gmail.ca"", 'artist' , 'female', ""RWV14CWU6JF"", ""2022-08-03""),"
Latifah Ateş,latifahate3887@gmail.ca,'artist' ,'female',RWV14CWU6JF,8/3/2022,"(""Lael Lata"", ""laellata7473@gmail.couk"", 'customer' , 'male', ""KQL21UBP9FV"", ""2022-05-09""),"
Lael Lata,laellata7473@gmail.couk,'customer' ,'male',KQL21UBP9FV,5/9/2022,"(""Wade Catalina"", ""wadecatalina2661@gmail.org"", 'artist' , 'female', ""HGF57CWW5VI"", ""2021-09-21""),"
Wade Catalina,wadecatalina2661@gmail.org,'artist' ,'female',HGF57CWW5VI,9/21/2021,"(""Cruz Carla"", ""cruzcarla5061@gmail.net"", 'customer' , 'male', ""DHI58GQO0WJ"", ""2022-01-23""),"
Cruz Carla,cruzcarla5061@gmail.net,'customer' ,'male',DHI58GQO0WJ,1/23/2022,"(""Andrew Saxena"", ""andrewsaxena5657@gmail.com"", 'artist' , 'male', ""GXG29QTE5HD"", ""2022-08-22""),"
Andrew Saxena,andrewsaxena5657@gmail.com,'artist' ,'male',GXG29QTE5HD,8/22/2022,"(""Medge Nguyen"", ""medgenguyen4452@gmail.ca"", 'customer' , 'male', ""LGN66UGE4YN"", ""2022-08-15""),"
Medge Nguyen,medgenguyen4452@gmail.ca,'customer' ,'male',LGN66UGE4YN,8/15/2022,"(""Wilma Mehra"", ""wilmamehra@gmail.edu"", 'artist' , 'male', ""EVI29IQB6HI"", ""2022-10-14""),"
Wilma Mehra,wilmamehra@gmail.edu,'artist' ,'male',EVI29IQB6HI,10/14/2022,"(""Tanek Nguyễn"", ""taneknguyn9120@gmail.couk"", 'artist' , 'female', ""IFX28XPG2XS"", ""2021-05-27""),"
Tanek Nguyễn,taneknguyn9120@gmail.couk,'artist' ,'female',IFX28XPG2XS,5/27/2021,"(""Dominique Morris"", ""dominiquemorris9961@gmail.com"", 'customer' , 'female', ""BFP48TCJ1HA"", ""2022-04-12""),"
Dominique Morris,dominiquemorris9961@gmail.com,'customer' ,'female',BFP48TCJ1HA,4/12/2022,"(""Gregory Puri"", ""gregorypuri217@gmail.org"", 'customer' , 'male', ""BHJ48UWQ5CW"", ""2021-01-31""),"
Gregory Puri,gregorypuri217@gmail.org,'customer' ,'male',BHJ48UWQ5CW,1/31/2021,"(""Jin Nguyễn"", ""jinnguyn@gmail.couk"", 'customer' , 'male', ""LQK71CXI3BA"", ""2021-08-13""),"
Jin Nguyễn,jinnguyn@gmail.couk,'customer' ,'male',LQK71CXI3BA,8/13/2021,"(""Axel Nguyễn"", ""axelnguyn2124@gmail.couk"", 'customer' , 'female', ""BSI51IYX3LV"", ""2020-12-16""),"
Axel Nguyễn,axelnguyn2124@gmail.couk,'customer' ,'female',BSI51IYX3LV,12/16/2020,"(""Melodie Ái"", ""melodiei4744@gmail.com"", 'customer' , 'male', ""MQP22ZLU1DK"", ""2021-06-11""),"
Melodie Ái,melodiei4744@gmail.com,'customer' ,'male',MQP22ZLU1DK,6/11/2021,"(""William Daramola"", ""williamdaramola@gmail.ca"", 'artist' , 'female', ""RTX87PDS2RV"", ""2022-01-30""),"
William Daramola,williamdaramola@gmail.ca,'artist' ,'female',RTX87PDS2RV,1/30/2022,"(""Howard Narayan"", ""howardnarayan8986@gmail.org"", 'customer' , 'female', ""DZW75QLO5KY"", ""2022-11-06""),"
Howard Narayan,howardnarayan8986@gmail.org,'customer' ,'female',DZW75QLO5KY,11/6/2022,"(""Laurel Akdemir"", ""laurelakdemir9957@gmail.ca"", 'customer' , 'male', ""UDM38GLC5RO"", ""2022-09-27""),"
Laurel Akdemir,laurelakdemir9957@gmail.ca,'customer' ,'male',UDM38GLC5RO,9/27/2022,"(""Melvin Cortes"", ""melvincortes2022@gmail.com"", 'artist' , 'female', ""PSD57FUE2RR"", ""2022-01-16""),"
Melvin Cortes,melvincortes2022@gmail.com,'artist' ,'female',PSD57FUE2RR,1/16/2022,"(""Travis Ercan"", ""travisercan5811@gmail.couk"", 'artist' , 'female', ""GXQ71FSS6JM"", ""2021-11-10""),"
Travis Ercan,travisercan5811@gmail.couk,'artist' ,'female',GXQ71FSS6JM,11/10/2021,"(""Lance Maria"", ""lancemaria@gmail.couk"", 'customer' , 'female', ""TJK31MJF1VJ"", ""2022-02-09""),"
Lance Maria,lancemaria@gmail.couk,'customer' ,'female',TJK31MJF1VJ,2/9/2022,"(""Nina Ajudua"", ""ninaajudua4332@gmail.com"", 'artist' , 'male', ""QYA51SQB4BV"", ""2022-11-15""),"
Nina Ajudua,ninaajudua4332@gmail.com,'artist' ,'male',QYA51SQB4BV,11/15/2022,"(""Rigel Mehta"", ""rigelmehta@gmail.net"", 'artist' , 'female', ""BEI53DRZ6UL"", ""2022-06-02""),"
Rigel Mehta,rigelmehta@gmail.net,'artist' ,'female',BEI53DRZ6UL,6/2/2022,"(""Ulysses Daramola"", ""ulyssesdaramola2062@gmail.couk"", 'customer' , 'female', ""UKB18GFW5GC"", ""2022-10-31""),"
Ulysses Daramola,ulyssesdaramola2062@gmail.couk,'customer' ,'female',UKB18GFW5GC,10/31/2022,
